Size,Weight,Sweetness,Softness,HarvestTime,Ripeness,Acidity,Quality
-1.9249682,0.46807805,3.0778325,-1.4721768,0.2947986,2.4355695,0.27129033,Good
-2.4097514,0.48686993,0.34692144,-2.4950993,-0.8922133,2.0675488,0.30732512,Good
-0.3576066,1.4831762,1.5684522,-2.6451454,-0.64726734,3.0906434,1.427322,Good
-0.8685235,1.5662014,1.8896049,-1.2737614,-1.0062776,1.8730015,0.47786173,Good
0.65182525,1.3191992,-0.022458995,-1.2097088,-1.430692,1.0783454,2.8124418,Good
-2.8077223,1.1381357,3.4476268,-1.7133021,-2.2209115,2.07941,2.2812028,Good
-0.23020804,2.7834713,1.6811839,-0.52977854,-1.9584678,1.3481431,2.1817663,Good
-1.3485153,3.2322812,4.0118165,-0.89060634,-0.031993963,2.3959174,1.0428779,Good
-2.0122256,1.9280338,0.69874644,-0.95977193,-1.3497207,1.3118018,1.048762,Good
0.05303478,1.3099926,-0.26413944,-2.9692972,0.30398348,3.8893588,1.9313319,Good
-1.5878931,1.4466584,0.13883868,-2.8589776,-1.7612225,2.4337273,1.7631273,Good
-2.0318587,1.3767682,2.2734401,-2.2057126,0.41215587,3.757726,3.1004484,Good
2.0621698,1.5615295,2.5703752,-1.8647795,-0.44219488,2.2499652,4.70331,Good
-0.8612225,1.4269999,3.349791,-0.022131119,-1.8131022,-0.07608548,0.37977022,Good
-4.1782064,-1.4760928,-3.2664933,-5.056084,-3.8299162,4.167432,-0.4254814,Good
0.6720292,0.5434333,0.09294259,-3.9155004,-0.22510463,3.3923051,-0.2020209,Good
-1.9652935,-0.06748736,2.6001945,-1.7930973,-1.6579864,1.0869076,2.335015,Good
-0.075078644,-0.32328963,1.400618,-3.2961037,-0.30071628,4.6619506,3.7652652,Good
-1.3775163,2.1693177,-0.15365404,-1.4166676,-1.5577567,1.2197089,-0.90748984,Good
-2.6386886,1.1865532,-1.4018704,-3.7368288,-2.0294611,4.8920465,3.2929387,Good
-0.9311694,1.1777104,0.89091116,-1.8020406,-2.1664832,1.5169458,1.8993784,Good
-3.8369079,0.5578959,0.13221027,-2.521762,-2.236847,1.8079835,2.7550628,Good
-2.6858735,1.8199899,-1.9306365,-3.2482877,-2.349118,2.7094333,0.82303256,Good
-0.8328398,0.6344345,2.8857996,-1.018919,-1.476629,0.09706835,1.8400067,Good
-3.1228814,0.10179654,0.22803372,-2.9720967,-4.207438,2.5808916,1.7806565,Good
-3.0034049,1.0087419,-1.1234081,-3.7168279,-0.1062249,2.819539,0.9773285,Good
-2.6829426,2.4876592,0.37213984,-0.6544591,-2.6873171,-1.0071023,0.96581537,Good
-1.1208215,1.9597522,4.935457,0.39535955,0.85833013,0.108647116,4.072192,Good
-0.47838327,1.2760094,2.0892775,-0.27186796,-0.9304542,1.2834822,3.8400788,Good
-0.86329377,1.5216107,0.65520644,-1.7112573,-1.2056047,1.1121173,1.385283,Good
-0.29425454,4.1651745,4.116252,1.1000674,-0.51583266,0.031105503,3.9153466,Good
-2.0997488,2.6557343,3.7363532,0.026017938,-1.4914467,1.6045741,1.566754,Good
-0.6290621,-0.11900727,-0.9646924,-3.32293,-0.81536734,3.2947304,2.7460663,Good
0.041476723,2.0088277,1.4025054,-2.9866266,-1.0982995,3.0836601,2.562751,Good
0.12703153,0.9620107,3.0475273,-0.9861873,-1.6270043,0.6567175,1.1196171,Good
-1.2031333,0.97479504,-0.6503354,-1.150843,-2.3666263,0.8485617,0.8182539,Good
-4.211566,1.5446515,-0.3322268,-2.151898,-0.99462783,2.921428,4.4979033,Good
-1.3989041,3.9393508,-0.27173197,-2.2843776,0.09796421,3.2916296,3.144834,Good
1.3131926,3.1774974,3.1416597,-1.8903553,0.906839,1.9823018,1.7829945,Good
-1.0486193,2.855341,2.9560695,-0.21022905,-1.1585953,-0.76327646,2.417499,Good
-2.1489315,0.37268108,5.752867,-1.2867559,-1.7780541,0.6097318,2.496089,Good
1.2775885,2.064319,-0.14597735,-2.1894975,-0.29149663,3.1445234,1.5832014,Good
0.81320274,0.6595437,0.7825623,-3.3102274,-0.28911766,4.572766,-0.37966096,Good
0.05418704,2.2706356,3.539384,-0.8143026,-2.2390342,0.10064654,1.5483972,Good
-1.0602585,2.6419249,0.56155205,-0.5174054,-0.84272516,1.8707907,2.0033648,Good
-0.76401794,0.3623507,2.5921612,0.23266202,-1.5511798,0.040990207,3.0356536,Good
-0.19275926,2.3332498,2.2750895,-1.835586,-0.32808205,3.0912902,3.0695364,Good
-2.307549,4.2682085,1.7684859,1.4414307,-1.9176039,-0.13850893,1.8163822,Good
-2.235228,2.086115,1.5581323,-0.63985485,-0.8065315,1.6078132,0.9669991,Good
-2.2399275,0.34970486,-1.0209738,-3.189852,-0.2015989,2.782064,3.4498534,Good
-1.0939649,2.115486,0.627494,-3.010946,-0.87893283,3.5145106,1.2870898,Good
-1.5848736,0.11412693,2.6413124,-1.5674331,-3.017377,1.7166394,2.8590853,Good
1.301885,2.1030438,2.0964906,-3.0808299,-0.20849186,3.0708973,3.2798793,Good
-1.8029919,1.090242,4.598802,-0.41859818,-2.0706336,-0.6700485,0.80425745,Good
-0.7785211,2.661888,2.2465212,-0.06694054,0.19072337,0.21199536,5.7911854,Good
-1.8070496,2.2535233,0.77893764,-2.177644,-1.1563478,1.8797076,-0.59566134,Good
-0.55796605,4.5616794,3.118131,0.2906523,0.62079465,1.1600988,3.225704,Good
-4.202988,0.6919126,-2.0484893,-3.467168,-1.7508391,2.3759565,-1.2997978,Good
-2.4109044,0.59545654,0.50815797,-1.4031982,-1.9819083,-1.2064563,2.3628628,Good
-1.5973054,2.6318626,2.7658656,-0.59794694,-0.90556407,1.7743361,1.3934853,Good
-0.513809,3.7907465,2.958101,0.075105496,0.7074974,1.3386183,1.7701725,Good
0.2826704,1.7075797,1.9392766,-0.56809497,1.0187624,1.1955215,1.6833619,Good
-1.0995919,0.8593649,0.835717,-2.552994,-2.3320339,0.37535954,-0.7011551,Good
-4.948808,0.93566686,-0.016275799,-1.6724465,-2.5702748,2.750443,1.645361,Good
-0.04105686,2.4555068,0.92307377,-1.9568748,-0.672149,3.4978075,3.309398,Good
-0.40402406,3.10953,3.1287723,1.0451561,-0.0034750805,1.705066,2.7891192,Good
-2.0773413,1.144665,0.99968106,-1.2217112,-1.5898217,2.475704,3.2753227,Good
-1.114718,1.3970324,5.055361,-1.0804302,-1.5849184,1.3711902,1.5309047,Good
-3.4529247,0.9886074,3.114508,-0.13971417,-3.3569298,-0.50514704,1.3034217,Good
-0.7958462,3.4137633,0.4887233,-1.4823445,0.91091406,1.4387541,1.6295414,Good
-1.3280383,1.0011656,0.15192918,-3.259573,-2.7055087,1.6863799,-0.76770055,Bad
-0.42352772,-0.01272162,2.1509259,-2.9307272,-2.044994,3.099931,1.5730361,Good
-2.23278,3.1739004,2.5670018,-0.87594354,-0.5252189,0.1694425,2.218383,Good
-1.912078,2.941901,3.2589757,-0.6817139,-1.6035117,0.5865748,1.5570415,Good
-3.4626417,-0.34003803,-0.89380836,-3.4818168,-1.0243345,3.0938756,1.0058268,Good
-0.79439676,3.5899599,-0.16264154,-1.3037766,-0.5913014,1.2802206,1.7860014,Good
-1.6085894,1.5771962,-0.066187054,-2.4760325,-0.88641894,1.843599,3.807547,Good
-0.2447293,0.6028015,2.931319,-0.3535531,-2.7237985,0.51352876,2.6095998,Good
-1.9222751,1.3381965,2.2615843,-2.1953456,-2.4766881,2.683758,0.89553195,Good
-2.9754953,2.811489,1.8469777,0.968528,-1.5641054,-1.378567,0.6768992,Good
-0.9803863,-0.6422919,-2.3512745,-4.571186,-1.5687047,2.2056966,-1.1833569,Good
0.69889355,2.5048325,1.8238235,-2.008248,-1.0939082,1.7086054,0.08159954,Good
-0.054405242,2.6568005,-0.6609856,-1.7404498,-1.6676546,3.5622375,0.62452865,Good
-0.9973927,0.81629497,-0.817204,-1.6438204,-1.0963683,1.8166277,3.025631,Good
-0.8225021,2.1479146,-0.92279583,-3.566991,-1.0592365,3.4419782,-0.47262466,Good
-1.8377597,1.2029997,-1.4979208,-2.5042362,-2.194379,3.2342901,2.077403,Good
-0.39041755,1.4351233,2.2473102,-0.82716334,-2.8917527,0.14106631,1.346283,Good
-2.1285598,1.6567165,0.71079195,-3.6291943,-0.24908486,1.9910322,-0.4178118,Good
-0.5928164,-0.1690181,1.3613776,-2.6591895,-1.0305489,1.2555294,1.1610047,Good
-0.11147463,1.4924884,-0.11701699,-2.8165054,-1.7083213,4.2568345,3.3803442,Good
-4.7566457,1.9655027,3.4235988,0.15348528,-1.5636513,-0.7968362,2.1032877,Good
0.44522202,2.3323624,-2.027212,-4.3251395,-0.87438536,5.3147044,0.30462295,Good
-1.3743073,1.1125576,0.24822357,-1.3769253,-2.001956,1.3620547,1.32568,Good
-0.0971073,0.9045014,2.68317,-0.7548262,-2.6919277,0.9134312,1.4241499,Good
-0.8302561,0.4787825,-0.057946093,-3.2177987,-1.2429042,2.1125336,2.6473258,Good
0.121320225,0.76031965,1.5446274,-2.1849353,-0.05549847,1.0708326,1.5648019,Good
-3.5437462,2.6771672,-1.1856652,-1.5670794,-0.37911987,1.0346137,1.5805278,Good
-4.507721,1.3558882,1.3178592,-3.5803246,-2.8080506,2.993408,2.5310383,Good
-0.60026705,0.92381287,2.8551319,-3.826783,-0.7552101,3.6800227,-3.077271,Good
-4.8197417,0.0005910767,-1.8606715,-5.6447473,-3.9047296,4.8813753,-1.0211824,Good
0.8241759,2.0125287,0.3394634,-2.070216,1.0832114,2.920262,3.3381643,Good
-2.8084517,1.282176,2.9265707,0.5833669,-1.4257531,-1.8206502,2.721213,Good
-0.85860264,1.346637,-2.9224567,-1.5868679,-0.5137122,2.3999214,1.0771787,Good
0.3492773,1.0683329,5.1152954,-1.086893,-0.95647573,0.45261645,3.2445483,Good
-3.1699286,2.145649,2.832365,-0.68661034,-1.4890603,1.5915188,1.2124728,Good
-3.057971,3.2393732,2.6781635,-2.355711,-1.459471,3.821086,4.6559043,Good
0.43848327,1.3340735,6.2110777,-1.2372898,-0.65810794,2.1813428,1.4192934,Good
-2.0764382,2.1851025,-0.96396226,-0.7695772,-1.5635664,0.6462993,0.65738285,Good
-0.85361195,2.1376646,1.1167257,-0.76099163,-1.238461,0.11500521,1.1388779,Good
-0.64885306,1.570433,1.3141017,-0.5390179,-1.8061763,2.0671477,2.8896835,Good
-1.3033915,1.183802,0.21584836,-1.1780521,-1.1767157,0.30023864,-0.99681914,Good
-1.0644978,-0.6078955,-0.4436634,-2.8468864,-1.0582559,1.4363941,1.7590227,Good
0.62672836,2.1583097,-1.8770518,-3.470815,0.05718764,4.5440407,4.36394,Good
-2.4231179,1.1788528,0.6279821,-2.4664502,-2.445138,2.4399285,1.967123,Good
-1.8000461,2.2619655,0.3490902,-1.7016886,-0.86204565,-0.0027408374,-0.4536354,Good
0.20182168,1.8789121,-1.24566,-1.9966671,-1.2059587,3.2209628,1.0472418,Good
-0.31367943,1.3295879,1.8558487,-2.4042783,-0.72643137,4.9775915,3.23558,Good
-2.280882,2.178614,0.3091392,-0.69986916,-2.3693504,1.2827466,0.07485025,Good
-1.4946109,1.2018055,2.9947062,-0.8828099,0.6056775,0.60955817,2.96357,Good
-2.3183367,2.625387,0.09199419,-0.8252629,-1.6976041,1.4871346,2.2387254,Good
-1.5332863,2.1582124,2.4879007,-0.42717168,-0.8953322,2.3692038,1.8710176,Good
1.0922277,0.8040858,1.8207008,-1.8203652,-1.1220391,2.8775687,2.135019,Good
1.8776073,2.1966295,2.43181,-0.38974217,-0.057867806,1.5364798,3.6584926,Good
-2.9999397,0.62083673,-1.7554306,-5.3080783,-0.86778563,4.2522964,1.7166535,Good
-0.015818592,1.991925,1.330747,-1.5859709,-0.064518765,2.1430635,1.5402575,Good
-0.8250334,1.9650205,3.2766235,-1.4874048,-0.62889737,0.4671731,1.203214,Good
-2.8286357,0.23917545,-0.059486274,-3.180651,-3.2035835,2.8084362,-0.20437452,Good
0.2216972,0.64814115,-0.14074951,-2.624014,-0.19373468,3.8063734,1.6386757,Good
-0.64564145,0.88212687,1.5268301,-4.0976076,-1.1717429,5.3997602,2.5770786,Good
0.4656404,1.7895194,-1.8207821,-2.0738983,-0.6718816,3.4880207,0.60097957,Good
-3.0871227,1.9100325,2.039586,-2.3302286,-1.9503677,1.3050455,2.1772149,Good
-1.6794618,1.0035683,-1.2122339,-3.2483675,-0.1258004,4.603884,1.3581582,Good
-1.4629126,1.7819173,-2.9209285,-3.2375154,-1.5621693,6.477786,3.7441542,Good
-2.782941,0.75486904,3.9492462,-2.365367,-3.3238535,0.37423316,1.0204703,Good
-3.5920205,0.22077335,0.29870528,-1.7596992,-4.1161947,0.60493183,-2.3875804,Good
-2.4340453,2.886807,4.5519843,0.56626016,-0.9925127,-0.042805128,0.95390195,Good
-2.588811,1.2436007,0.7663513,-3.1944122,-1.4206406,1.2823133,-0.6608253,Good
-3.3195837,1.6462616,1.8834593,-1.7922987,-1.5980446,2.915999,1.4931625,Good
-1.7854432,2.0128102,-0.21385653,-2.3862445,-1.1568494,4.2926435,2.850856,Good
0.42321467,1.216493,4.1747713,-1.83184,-1.6256002,1.6459818,3.360809,Good
-2.7073379,0.96455824,-0.09822509,-2.3663268,-2.3228652,2.1088908,0.22938772,Good
-0.78675115,1.0519774,3.6323385,-1.7042174,-1.3261677,0.57549775,0.29056823,Good
-1.7753888,0.67442715,1.5054814,-2.4176888,-2.4172618,1.9787519,3.796403,Good
-2.1393306,0.5922464,2.298058,-2.0153322,-2.8479195,1.5852108,2.893043,Good
-1.1789728,1.2442963,2.4287562,-0.4634941,-2.154636,-1.3416997,0.45906043,Good
-2.399901,0.44156817,1.6598432,-1.879707,-1.5261422,1.7138225,2.3953917,Good
-1.6788108,1.7189255,-2.7750232,-3.1248822,-0.014007191,3.788991,3.0928159,Good
-2.5943422,0.94918203,0.9342018,-1.3439014,-1.3012756,0.7491646,0.8645365,Good
-2.658069,1.4006454,1.6984655,-1.2373397,-0.41874555,1.1164031,0.7656907,Good
-1.409863,0.57780695,4.1600714,-0.4050118,-2.195653,-0.29388124,2.5594692,Good
-1.5790887,1.420451,2.2011082,-1.4067649,0.022585366,1.7333335,0.59500575,Good
-1.217433,1.1101815,3.0499556,-2.7939584,-2.277606,2.319198,-0.07575211,Good
-2.3622,0.5948414,1.7815757,-0.8677102,-3.4469368,-0.29636568,0.17661168,Good
2.0099993,1.3980714,1.928721,-1.0204152,-1.0906924,1.4899552,3.9766634,Good
-1.230858,2.0557868,-0.65085864,-1.9434692,0.3052706,2.2932816,4.033556,Good
-1.5939391,1.2523319,2.1407607,-1.703821,-0.7350021,1.7069542,2.319107,Good
-1.8131001,1.660863,-0.038276665,-0.8049782,-2.465801,0.2588006,2.6343071,Good
0.27019992,1.297477,-0.0155705875,-2.0305762,-1.5170535,1.8593166,3.3380978,Good
-0.47375187,1.4231814,0.92107797,-1.9092863,-0.7548529,1.732145,2.4522493,Good
-2.8810253,0.76872385,1.3427696,-1.7814822,-2.0631697,1.4916106,-0.12546854,Good
-3.45056,3.26434,-0.7509927,-1.3260083,-1.2954346,0.7402779,-0.31665105,Good
-1.2196995,1.6558651,3.4523816,0.71627134,-2.5122,-1.6198435,2.0065353,Good
-1.2061424,1.6891425,4.1967616,-1.1576262,-1.7719939,2.3626368,2.158953,Good
-0.9542388,2.1476486,0.75167674,-1.0501134,-1.3605429,0.21022749,0.7916033,Good
-0.44739762,0.07220355,2.6230454,-3.2662692,0.389777,1.8092605,1.3144898,Good
-2.2162743,1.9939039,3.1184468,-2.0300775,-2.7884579,3.6508548,5.1620245,Good
-2.6101234,2.9885745,-1.8547224,-0.8957349,-2.2848642,2.3401122,0.20425016,Good
-0.6130011,4.004556,0.91598123,1.0671141,0.1233278,0.2766467,2.8707278,Good
-3.9651575,0.43198353,1.150413,-2.2626958,-3.4865606,1.4481925,-0.612869,Good
-2.9295595,0.25993326,0.3879349,-1.7081244,-2.476623,1.5244895,0.18768175,Good
-1.1816068,2.56084,1.812272,-1.6404678,-1.0247778,3.3863413,1.3333619,Good
-1.299546,0.34974894,0.72236353,-3.0887952,-1.4029287,3.0978577,0.60618097,Good
-3.1104758,3.035432,-0.86402947,-0.29675475,-2.5698123,-0.43028393,0.81500894,Good
-2.4822404,1.5911036,2.0548077,-0.31490937,-1.975586,0.25559717,2.7234411,Good
-3.6107564,1.1889884,-1.7188522,-3.8810153,-1.196476,5.1612086,2.0760572,Good
-0.06922944,2.257594,1.099142,-1.2216759,1.8242111,2.8704627,1.8638871,Good
0.7127952,1.1747179,3.4868796,0.40493068,-2.2195609,-1.4480212,3.631408,Good
1.2698971,2.3036332,1.4054686,-1.790537,-0.17015041,2.49581,2.889641,Good
-2.3466158,1.9936157,4.314726,0.3832707,-0.9407811,0.2902305,2.6187365,Good
-0.72851557,2.4705832,2.2456536,-1.4007604,0.46730566,3.0611982,1.3735898,Good
-1.3064482,1.2213271,-0.2721367,-2.1779032,-0.85562795,1.6370562,0.64137566,Good
-1.1105348,1.1147361,2.508469,-1.8817368,-3.2432382,2.382193,4.101438,Good
-1.8281684,0.9966494,5.360637,-1.321495,-1.5460961,-0.32917082,0.40278792,Good
-4.50421,2.3846414,1.1091154,-1.0531484,-0.9863528,0.14854734,1.7437967,Good
1.1924437,1.3216898,1.4158094,-2.0616174,-0.8698168,2.16478,5.078788,Good
-1.814008,2.6984422,1.027549,0.193191,-2.2515852,0.48482335,0.8334251,Good
-1.054993,0.9211657,5.0241785,-1.9853462,-0.61688215,3.7990007,1.7727671,Good
0.51993906,2.227953,1.2397361,-1.6299797,-0.5958247,2.419514,0.6389725,Good
-1.6597949,1.1377584,2.9108732,-0.479264,-1.923504,-1.3190246,1.0971357,Good
0.2502692,2.4266376,5.9869695,2.0901,-0.57886356,-1.0254756,4.6529217,Good
-0.9670032,1.6988556,2.9136715,0.20338304,-0.9044924,0.9436017,1.3542233,Good
-2.0467126,4.483807,3.0211163,0.35028878,-1.3636975,0.93435204,0.9216241,Good
-4.024721,-0.24503136,-0.59893495,-1.9277303,-1.6304517,-0.37740347,2.2684944,Good
-0.8881911,0.9422389,0.19693173,-1.4352556,-1.8429407,1.1682941,0.63932747,Good
-2.5625415,-0.3631764,0.7107156,-1.7477956,-3.2683582,1.5143855,3.4628673,Good
0.052779794,4.5741467,1.1490239,3.2820823,-0.96170294,-0.9344722,4.9180775,Good
0.1554675,3.386331,3.0103817,-0.9834859,-0.64399475,2.3071744,2.6497633,Good
-2.5344558,0.34781897,2.0672545,-2.03182,-0.90272516,0.51680064,1.0251666,Good
-2.1178348,0.44823825,-0.70804936,-0.023589922,-1.7690532,-0.0029501768,1.4737345,Good
-3.0119286,3.3856874,1.696001,-0.7334854,-1.5148627,1.098091,1.0818607,Good
-3.1632397,0.5190117,3.5061688,-1.9247246,-3.9758108,1.5610439,2.010855,Good
-0.45955995,1.1116257,1.2813885,-1.8434857,-0.06729742,2.4795513,3.3177612,Good
-2.198826,2.1735644,-0.8848278,-3.0286717,-1.2195662,2.9330337,0.034479346,Good
-1.7048227,3.4812863,3.714095,0.7723083,-1.7405785,-2.688851,2.071852,Good
0.16055828,3.83747,0.4707172,-0.6874564,0.04240359,2.3808267,2.7052019,Good
-1.8386763,1.5341911,-0.043455172,-0.42127958,-0.6494295,1.5420948,0.23294228,Good
-0.9622371,1.6923392,2.126118,-2.1778967,-0.6767218,2.027534,1.2092739,Good
-0.99711657,1.7619665,1.330727,-1.3944442,-2.0030317,2.0573435,3.026417,Good
-0.68475926,2.5753822,-0.47405958,-2.6020458,-1.8825239,3.1955516,1.6559013,Good
-2.3814893,2.1986482,0.84719443,-1.363358,-2.6924636,1.2312024,-1.1516764,Good
-0.4023589,2.0093796,4.437625,-0.9163847,-0.19266577,0.83887196,0.008850456,Good
-0.041097954,2.851044,1.8322506,0.2706398,-0.095489725,0.7528487,4.5788918,Good
-3.1455653,0.65329343,2.9006922,-0.43764234,-3.403482,-2.4500654,0.23933472,Good
-2.3024242,2.97504,1.4574327,0.41413355,-1.491382,-0.3315868,0.203265,Good
-1.1149212,-1.1468344,2.1013944,-3.9136639,-1.4725747,4.2695947,3.324977,Good
-2.157634,1.4012272,0.37467,-1.4609358,-0.8757255,3.1849163,2.5052466,Good
-1.1121278,2.1269753,-0.34089097,-4.21575,0.5741205,3.4703746,-1.0886568,Good
-2.987577,2.088725,0.18645944,-0.4480923,-2.2963095,0.00012755101,1.236839,Good
-2.6814518,1.0695193,0.5822527,-2.4268227,-1.9601123,2.473034,2.387551,Good
-0.4225828,3.5135748,1.6498938,0.4017425,-0.9254088,-0.9825993,1.3516381,Good
-0.15234363,0.66062295,1.7103767,-2.1701698,-1.5643575,2.4999123,-0.25993413,Good
-2.4435523,0.21760076,3.1122236,-0.6226118,-3.9338846,0.8761849,1.3277966,Good
-1.1251339,1.6282772,-1.694002,-2.136808,-2.4274573,2.3011932,2.0414662,Good
-2.6270206,1.059819,2.0698185,-1.2391235,-2.7733302,-0.034887187,1.4892583,Good
-1.0722417,2.4202857,1.5472491,-0.4104882,-0.5291139,0.9030714,-0.42705777,Good
-1.1927223,2.3305373,-0.39125946,-1.3388925,-0.48447317,1.5942357,1.6108661,Good
0.3859562,1.8693099,0.10204923,-1.8465348,-1.4480664,3.0656822,3.0149934,Good
-1.6047633,0.27042428,1.1307408,-2.2177837,-1.6907573,2.0957081,0.29535902,Good
-1.4908154,0.7199391,0.22027805,-1.6811324,-4.2823396,1.2517632,4.1205597,Good
-2.435193,0.9898657,2.0529294,-1.8109539,-1.8659729,1.0835555,3.6931033,Good
-2.110472,1.944136,3.6521413,-0.3582351,-0.74876356,0.64100766,3.5972495,Good
-1.9447157,0.5928181,4.024989,-0.32783446,-4.1138444,-1.7363428,2.7568226,Good
1.3995605,3.1443033,4.153282,-0.6107541,-0.35883284,1.1773455,1.8772647,Good
-3.3921814,1.9759095,1.9564621,-0.5331625,-1.9599555,1.0830373,0.39165586,Good
-1.6387252,1.5943764,1.7718523,-0.9162968,-1.7978132,0.9392285,2.2342558,Good
-0.47127888,1.7959186,-0.072358884,-2.3417764,-1.6752182,3.7278636,1.1311659,Good
-2.6541195,0.32128844,3.5619395,1.1921142,-1.3443855,-1.5851719,4.133641,Good
-0.24279913,-0.5566818,-1.036288,-5.8163943,-1.4839643,5.4078555,-1.0256218,Good
-2.2044895,1.064642,3.1100838,-0.37221718,-2.427604,-0.6126933,2.9339845,Good
0.2510409,0.2261117,5.2496796,-2.1834974,-1.6038548,2.623208,3.179658,Good
-3.5213833,0.94402164,0.029124057,-1.7131271,-1.6961045,1.9881151,0.7263566,Good
-1.7013432,1.2954683,2.704628,-1.7510195,-2.2927282,1.7079097,2.6732516,Good
-3.284054,2.0181751,3.8867764,-1.2990474,-0.26645803,-0.25943166,-0.22715569,Good
-2.856516,2.6390772,-1.330393,-2.1140199,-0.45851767,2.8789842,-0.41412875,Good
-3.001312,2.2480912,0.81566036,-1.7754573,-1.6378964,1.3416252,0.3508889,Good
-0.00054573873,2.735709,2.1572292,-0.51125854,-0.9896552,0.6003623,2.783185,Good
0.27606845,1.4490379,1.0280615,-1.6157744,-1.767542,1.5479383,2.776441,Good
-0.42765543,2.6407113,1.3214487,-0.85500985,0.17711598,1.5444524,3.208103,Good
-1.3538704,3.5300794,1.502134,-1.5435258,-0.4928846,1.3932291,-0.4202633,Good
-0.39244202,0.7180199,-0.07209792,-0.84598464,-0.8048739,1.1505183,2.0962071,Good
-2.139886,1.4905034,0.7599966,-2.5200567,-2.2634377,1.0042523,1.5139756,Good
0.3949736,2.5948174,2.7133164,-0.4245374,0.4244575,1.5061617,2.1068285,Good
-0.39255637,1.6297188,4.376361,-0.84368056,-1.8248017,0.33404827,2.1215007,Good
-0.9512467,2.7755542,0.036330305,-2.581294,0.10725062,3.5582175,1.9507653,Good
0.88868016,4.094424,0.1701332,-0.99409544,-0.11895086,2.2030997,0.9271929,Good
-1.9270897,1.9548934,0.5969426,-0.87597084,-1.4703715,2.601365,1.9499056,Good
-1.8324747,1.2526348,3.5302038,-1.1898847,-0.66119933,-0.3388104,2.1932895,Good
-3.7690942,0.88882434,2.9275935,-1.0658883,-3.377275,1.0848063,2.879123,Good
-2.783545,1.4079295,2.8463502,0.3973582,-1.1092337,-0.6210936,2.170828,Good
-3.2663136,2.3534725,0.90059435,-1.7809409,-0.98173183,2.2539673,0.12509619,Good
1.0026144,1.2193352,0.8514518,-1.0278176,-0.55652285,1.1182408,3.2497482,Good
-3.7434332,0.48978892,5.198063,0.5064637,-3.5824196,-0.57944036,1.6293567,Good
-5.8613834,1.2891873,-1.6400464,-3.3814025,-2.713121,3.078355,1.5026616,Good
0.3968124,3.3580818,3.8269048,1.3594838,-1.9276252,0.6884564,4.6216946,Good
0.19892198,1.6047521,1.2709569,-0.5547125,-1.5906969,0.66611737,0.4616125,Good
-1.721894,-0.33186004,1.1518139,-2.3799295,-3.2248025,2.204157,0.4206721,Good
-1.3948298,2.3001823,1.8672433,-1.8075296,-0.58071536,0.79859495,0.7956436,Good
-0.34108838,0.250026,0.41287848,-3.3549337,-0.74631953,4.354462,2.4152007,Good
0.79816085,2.9669487,1.4508449,0.3529496,0.17463923,-0.62516224,2.1910524,Good
-1.1990542,1.7235714,2.1260788,-0.34187937,-2.8866851,-0.87073565,3.9381616,Good
-0.883021,1.8304361,1.1279057,-0.7127093,0.1054997,1.2438501,1.1003811,Good
0.5217917,3.1924205,3.418907,0.26725492,-2.6096683,-0.5749232,1.3426129,Good
0.63969207,2.5746386,1.2726414,-1.204843,0.85586405,1.4288766,1.5376071,Good
-3.244228,2.2948635,0.046163578,-1.9870837,-0.7717224,2.044768,0.9371963,Good
-1.4175266,1.29186,0.76784307,-0.774417,-0.93060803,3.202394,1.2187933,Good
-2.3460853,0.7456157,2.1542728,-1.9134973,-1.421793,2.02221,-0.96300745,Good
-1.1329637,1.0351024,3.1440964,-1.9545342,-0.5619872,2.9285703,2.1003895,Good
-0.9435819,1.1657606,2.0586886,-1.2576402,-1.2258438,2.408934,1.717871,Good
-1.209003,0.5872918,1.6895368,-1.1453153,-1.6009734,0.056692485,0.458452,Good
-1.5354371,1.6475633,2.1196895,-0.8142036,-2.1204057,1.047453,2.279427,Good
-2.1406147,-0.003836022,0.4967693,-2.9921575,-2.7909646,2.6281013,2.0846417,Good
1.4726099,0.6166565,2.8031378,-1.9206148,-2.3742943,2.2505429,2.9484408,Good
-2.1559153,1.5101514,2.6644897,-0.82679003,-1.0704387,1.7154005,1.6281819,Good
-2.200867,2.4252944,3.6407993,1.6726213,-1.4334321,-1.1630033,2.0894525,Good
-1.1103951,2.1090655,2.2491398,-1.1821747,-1.0979518,-0.00136717,-1.3834447,Good
-0.90840834,0.15476106,1.2718428,-4.1198225,-2.1304307,3.9560068,2.163232,Good
-0.94681686,3.268493,1.1266011,-2.8878698,0.20108773,2.608574,-1.7600517,Good
-3.4969625,0.3079848,0.63767517,-1.1550055,-3.3589697,0.32319036,1.7146739,Good
-4.9763784,0.18657301,0.8996792,-4.110629,-1.1905433,3.8470652,1.1588105,Good
-2.1474555,0.74446315,-0.08160196,-3.0099254,-2.557891,0.62917244,-1.7961051,Good
-0.8811638,1.0883721,0.4289701,-2.0509384,-1.7906356,2.1039357,-0.07941811,Good
-1.3725421,1.638202,0.34246957,-0.61439484,-2.2516894,-0.05701347,-0.78884846,Good
-3.380977,0.87808335,3.105832,-2.1223042,-3.2711797,0.9387345,1.4117986,Good
0.020432454,2.518991,1.4666715,-0.5411803,-0.44543552,0.49273625,3.205806,Good
-2.2955866,0.63695323,-2.1003594,-3.0938964,-1.4897352,2.515856,1.6655138,Good
-1.9347188,1.7457511,0.96072036,-1.8190659,-1.6856673,0.67002505,1.5611273,Good
0.026609913,1.438607,0.8569186,-1.7040806,-1.2586105,1.1772699,1.3262955,Good
-1.6260979,2.2294981,3.8565006,0.6527451,-1.943957,-0.638567,2.567122,Good
-0.66571075,3.3018363,2.3014832,-1.975082,0.06553061,4.36312,2.8521917,Good
-0.7669875,1.8961201,3.8179626,-0.30574086,-0.7720585,-0.13166937,3.1373022,Good
-1.0184547,2.671345,0.92304945,-1.461471,-0.8205676,2.0059307,2.4110136,Good
0.68349105,-0.54199547,1.6959028,-2.5696921,-1.5717257,1.9097008,1.575249,Good
-1.5618832,-0.38204145,0.19688824,-2.7940028,-0.6568102,2.1850479,0.39561668,Good
-1.4863106,3.7006385,-0.14179648,-1.3413905,-0.98336583,1.4575948,0.6938195,Good
-0.14109363,3.3912613,3.127587,1.1965835,-2.3266973,-0.8821467,1.987488,Good
-3.1939576,1.8730172,-2.1843982,-1.15867,-2.9135914,2.2371037,0.37461385,Good
0.33727044,2.2244432,3.2573576,-0.22308512,-1.6200933,-1.2792771,0.1849879,Good
-1.0780525,0.910762,1.1277452,-0.7406771,-3.1993828,0.08279137,0.34040192,Good
0.73674625,-0.03761352,2.6646292,-1.9770099,-0.9834506,2.9315963,3.0796804,Good
-1.0882905,2.1978161,4.599306,1.1894305,-1.964402,-1.8531815,2.2170224,Good
-3.0166202,1.2120785,0.00048476458,-2.4817405,-1.1921098,4.026013,2.4941854,Good
-3.3357055,1.7843759,1.4533069,-0.3004194,-1.00819,1.1728576,1.982555,Good
-1.9283744,0.9519958,1.3299526,-2.6452518,-1.0672356,2.9584136,1.4299158,Good
-0.793789,1.4783915,-2.9026253,-2.1965804,-2.2780151,2.540952,-1.9130455,Good
-0.19724117,0.6701601,3.3102787,0.12275104,-2.9752495,-0.93561083,0.36495835,Good
1.8970554,1.5292221,5.904323,1.2269,-1.2897246,1.1485572,4.966576,Good
-0.95326644,1.3128886,4.2601943,-0.3564475,-1.070556,0.14638922,1.0161204,Good
-0.29119968,2.7043934,2.4289727,0.40510818,-0.10680723,1.5638851,2.7642992,Good
-1.4280835,1.9350069,1.9631983,-1.489131,-2.1220205,1.3870637,1.9777112,Good
0.042718053,3.908386,1.6977988,-0.46358237,1.054177,2.530266,4.0449185,Good
-0.5427511,1.2810831,-1.3882654,-3.8481002,-0.52452713,4.1833224,2.4932268,Good
-1.1329908,2.0127015,0.9831402,-1.804732,-0.6024413,2.1830156,1.6626799,Good
-2.6466448,0.3225499,1.1758808,-2.4783509,-1.4661101,3.159522,1.7451617,Good
-2.2452989,0.88963675,1.2542323,-2.4319541,-0.3407753,2.3114169,1.7577418,Good
0.014988151,2.417231,-1.6974655,-2.6614525,-1.4286149,2.6043131,-2.202398,Good
-1.8039882,-0.35884306,3.4605205,-0.5777492,-3.4974074,-0.78210557,2.3118515,Good
-2.6352468,3.1798215,0.53101283,0.71470964,-1.5298655,0.9424457,2.1020792,Good
0.20087737,1.7328447,4.356116,-0.6317583,0.5724261,1.267787,2.6074102,Good
-3.4775324,2.6045787,0.77845174,-0.6509518,-2.7348258,0.23361057,1.0608063,Good
-3.8704607,2.3946948,0.71197623,-1.8782754,-2.447325,1.3158818,-0.2846162,Good
-1.2140914,4.615363,2.7660604,2.3032544,-0.9274766,-1.3214458,1.5335971,Good
-1.5997156,0.7911898,2.2488916,-1.0262281,-1.1421025,0.6748828,4.6515827,Good
-0.44368634,2.6443553,0.33367994,-0.65923697,-0.7347367,1.8620952,3.1539018,Good
-4.2615924,-0.036510717,1.2374406,-3.003397,-3.085685,2.2811315,1.3178458,Good
-2.0499876,0.64103293,1.5491631,-0.06680992,-0.9943361,-0.57300824,2.1481144,Good
-2.8773859,0.4304594,-3.1109781,-2.3885837,-2.5224195,1.4401178,0.48411825,Good
-1.0101472,1.4877523,0.38485146,-4.138833,-2.0330548,4.607569,0.6071244,Good
1.7951322,1.6840107,1.2743895,-1.0276517,0.45567837,1.7895958,4.252158,Good
-2.2629418,2.600959,1.2487838,-0.63079375,-0.8699566,2.2290335,0.9725153,Good
-0.28677103,2.90137,2.1985462,0.45127094,-1.0990394,-0.44288722,1.0282161,Good
-2.6662166,1.3628432,-0.23180023,-3.2822893,-0.87466836,3.510728,-2.549349,Good
-1.4735998,1.9593885,-0.4068864,-2.6239054,-0.6305173,5.8444295,2.889394,Good
-1.7268124,-0.13624199,0.3282574,-4.1421685,-1.3310819,4.24142,1.3069389,Good
1.279499,1.4537334,-0.14324708,-3.2797189,0.4181991,2.335183,3.4634743,Good
-0.9781203,1.7788073,1.6681484,-1.1350375,-1.617357,0.89989406,2.2988765,Good
-3.5086968,2.423026,2.5047874,-0.36632207,-0.7279045,-0.45022106,1.0369713,Good
-1.8044859,2.134643,3.698281,1.3704062,-2.4608433,-1.248709,1.961614,Good
-1.2464763,-0.552323,0.6696401,-4.2822633,0.020947367,3.931175,1.280973,Good
-1.4568093,3.2581851,2.2401364,-1.3650305,-1.5443884,2.1668718,-0.41560012,Good
-3.2389674,0.2590632,2.730701,-2.4103928,-2.8670142,1.3377973,0.3841865,Good
-2.5820541,2.3925922,2.8987784,-0.6472139,-0.7393595,0.07017264,0.55093145,Good
-1.417781,-0.11865485,3.8288655,-3.8386264,-2.0309162,3.766964,2.9764392,Good
-1.1259096,0.8935483,1.1012583,-1.9804472,-1.5761524,2.1995323,2.5935922,Good
-1.4267913,1.7404146,2.3660483,-2.2219758,-0.6502872,1.1840646,0.74896353,Good
-3.9180236,-0.23918805,2.3353496,-2.4167845,-2.5739772,0.9744398,-0.12449728,Good
-0.78986555,3.2806795,1.9033312,-0.44892758,-1.723828,0.44527334,3.489257,Good
-2.124136,1.8529575,-0.71977836,-2.085291,-0.9249443,3.2787683,4.894016,Good
0.4087708,1.8896599,2.6698523,-1.5690961,-0.83986336,2.789991,3.2386355,Good
-0.03921062,1.7257655,1.9173007,-0.4213242,-1.4270843,2.819736,3.8345299,Good
-6.268382,2.6257012,3.5630488,-0.8530198,-3.119796,-1.0512652,-0.4317951,Good
-0.75878114,1.9373293,-1.0073903,-0.6373183,-1.0157633,1.1589617,0.7699405,Good
-1.1401057,0.3881905,2.2082117,-0.5373332,-1.9441121,0.036145903,2.2517319,Good
-1.2477785,2.591378,2.1800845,0.23466088,-3.2652729,-1.2888677,-0.12321974,Good
1.2875452,3.095668,5.288807,1.6295183,-1.4315897,-0.13600188,2.7556665,Good
0.26086593,0.6792323,1.6662093,-1.6190099,0.24304482,2.4457288,4.755036,Good
1.9153959,2.6103263,2.4848013,-0.9575871,0.4198756,3.1568868,3.9318223,Good
-0.45346227,0.70691985,2.9106798,-1.2311769,-1.9214705,1.1064591,2.1617856,Good
-2.7288315,1.3725196,1.920649,-1.779471,-1.8258984,1.3736963,-0.30658007,Good
-2.3672802,2.0497096,-0.54637885,-3.5085096,-0.34294164,3.6410944,1.708345,Good
1.0401161,2.1351123,3.783262,-0.33591285,-1.015316,-0.21198562,2.5020905,Good
-0.86926967,1.7274971,4.8955617,-1.1403142,-2.131811,0.22986247,0.3431202,Good
-4.456546,2.4416864,2.0953135,-0.23945644,-1.4931667,-1.5019491,1.9068643,Good
-1.7814139,3.9066703,2.5540204,-1.3391374,-0.44626656,2.4562745,0.507376,Good
-2.9447877,2.8851728,0.82896346,-1.0820525,-1.3557098,0.7114393,-1.5367963,Good
-1.9571248,1.0429461,-1.1819394,-3.6613069,-0.53995943,3.8837733,0.3556971,Good
-0.63996464,2.3547423,0.37293294,-0.038815357,0.16614814,0.43318582,2.1684303,Good
0.31720224,0.7971001,4.712145,-0.31375742,0.58823764,2.5501244,3.5384276,Good
0.01627288,2.062764,2.166993,-2.080519,-2.1481533,3.1577592,1.0280957,Good
-1.2298454,2.5021503,-0.36338413,-1.5744987,-1.8988863,2.2802317,3.0924513,Good
-1.323465,2.2877438,-0.6221283,-1.7930319,-1.1909642,1.8803532,-1.577174,Good
-2.1988025,3.1110404,2.860352,1.4681631,-1.1885365,0.296762,2.1043239,Good
-3.2326481,1.2532899,3.3023527,-0.17541212,-1.8981192,0.4297649,2.5300643,Good
-2.8371468,1.8743525,-2.6442037,-2.0895824,-2.6772282,2.5976784,-1.6296394,Good
0.32878226,2.8583279,0.24991493,-0.1509948,-1.0593274,2.0156302,3.670054,Good
-1.5419217,3.0178099,0.47057882,-0.6719287,-1.24047,2.1267574,1.0868801,Good
-3.044721,0.92725694,0.65881276,-0.66849416,-2.0198069,-0.77281266,0.2116943,Good
0.5572587,2.1725903,1.2890577,-1.2391255,-1.3807032,2.5791733,2.0829659,Good
-1.0239484,1.8288115,2.4642234,-2.0550783,-1.1496507,1.4684377,1.2478882,Good
-2.9276273,0.9241852,1.264793,-1.4126623,-1.3675705,0.692229,-0.11768302,Good
0.2843053,2.010439,2.2063406,-1.9627813,0.11936209,3.2708652,2.6501775,Good
-0.24780795,1.0269822,2.134417,-1.2799677,-1.3804598,2.9377153,4.6053667,Good
-2.6195202,2.6396627,0.99441,-0.69435596,-0.2529583,1.6294954,5.262781,Good
-0.3458481,1.9153986,1.8970009,-1.0427154,-1.2074689,0.77954954,1.7986449,Good
-0.5941616,2.226831,-0.35108003,-1.5479891,-0.5820178,1.9191256,1.8840989,Good
-3.58339,2.5600655,1.6966783,-1.3610396,-0.12371753,1.3167822,1.22545,Good
-0.9235619,2.730912,-1.7818247,-3.5910416,0.23920228,3.8288677,-0.1471685,Bad
-3.6089194,0.8997276,4.3562465,-0.9277344,-2.9956112,-1.2674896,-0.24997072,Good
-0.5155087,1.1213454,1.2812172,-0.81933326,-0.51129025,3.4387267,2.5246046,Good
-1.2859292,1.275503,1.2713503,-2.1349995,-2.3559268,1.4354429,0.29786506,Good
-1.530686,0.7005448,2.4082541,-1.1576905,-1.5483084,0.3516215,1.0721321,Good
-2.7652977,2.7034996,-1.0837812,-2.1470444,-0.44925,2.6295543,2.020021,Good
-0.14707151,2.5758872,-0.16414195,-3.1254082,1.1199253,4.999256,1.9978791,Good
-2.0764456,1.652435,4.8476624,0.635644,-0.84737617,-0.28709435,-0.38633168,Good
-4.3209105,0.37694165,1.0286076,-3.6917453,-1.9721998,2.811223,-2.0584464,Good
-1.3758632,2.8029273,1.0822855,0.76034874,-0.96606207,-0.39579076,1.971465,Good
-3.8657165,0.59801966,0.12153622,-2.493452,-2.5675023,1.8167384,-0.8380958,Good
-2.6766438,1.0080837,2.1096494,-0.23793073,-3.376645,0.7339788,2.062287,Good
-0.38047454,-0.17256996,0.5592873,-3.6586795,-1.025719,4.5885563,1.4625717,Good
0.6974768,2.4456012,3.707681,-1.334902,0.24070118,3.1534653,4.9934115,Good
-0.53156626,1.3914021,2.3909762,-0.5889632,-1.1534376,-0.15428188,-0.855838,Good
-2.1218793,1.8529953,1.2108272,-2.0772595,-1.7203531,1.5968934,3.237229,Good
-2.7527032,3.509956,5.0638237,1.0198277,-1.266151,-1.0254252,1.3227563,Good
-0.0067161266,2.9362338,2.9964774,0.7266187,-0.60754263,-0.64825624,4.314676,Good
-1.4835513,2.974788,1.3617514,-0.043222763,-1.8698392,1.6262286,0.7684952,Good
-4.0653973,1.0691936,-0.6018938,-1.9574462,-0.30923465,2.381937,-0.30283535,Good
-1.1410544,2.0199943,0.6915231,-2.7533097,0.6696238,4.827208,0.632535,Good
-2.2768946,2.3709795,1.699492,-0.422357,-1.3238614,1.2826867,1.8230565,Good
-0.7257025,2.1990147,-0.58050233,-2.5908666,-1.521068,3.7421122,0.336147,Good
-1.5017493,2.366004,-0.22222213,-2.4870806,-0.46971774,3.8417852,2.075024,Good
2.13376,1.6350458,1.8197863,0.051152702,-0.5237562,-0.09431586,1.5894655,Good
0.045781698,2.3984585,1.5249654,-0.6383511,-1.28002,1.3679616,1.8533792,Good
-0.93065864,1.4021732,-0.45166066,-2.0548272,-0.16447006,0.9513679,1.0382667,Good
-1.3264972,2.2333891,1.9425741,1.5194069,-2.1983154,-1.8109262,2.3493629,Good
1.8171223,1.8196723,2.6676142,0.24836469,-2.5033739,-0.58304304,3.0930657,Good
0.01245172,2.308125,0.15627594,-0.545193,-1.2783709,1.5621531,0.9254185,Good
-3.3016176,0.15391964,4.4793572,-0.63692176,-3.2781558,-0.06509438,1.2498474,Good
-3.1280758,2.4150956,-0.582927,-0.8141169,-0.94148684,1.2688186,1.767044,Good
0.9763464,0.9283209,3.2309346,-1.7625444,-0.48666927,1.0845717,3.0463006,Good
-2.4163964,1.0752703,0.592726,-3.4776268,0.089939974,2.8998675,0.21247888,Good
-2.8064752,2.0892656,4.6803026,-0.5814406,-2.5551507,0.5652945,0.25585857,Good
-4.2487073,2.1207619,0.7360997,-1.4693974,-1.4507213,1.7977417,0.44732252,Good
-1.074389,2.2659588,1.9769505,0.5006234,-2.2022934,0.23519623,1.5224761,Good
1.3638527,3.3758616,0.8668253,-2.0307856,0.48914808,2.1850514,3.7722538,Good
-1.8324435,1.80648,1.9794569,-0.39579323,-1.9310311,-0.09309013,-0.4988561,Good
-1.0706213,2.2258787,3.4500499,0.7493356,-1.9899118,-0.487059,1.9388734,Good
-1.4235163,-3.00907,0.33483917,-4.268031,-3.8681154,1.2226954,3.0419261,Good
-3.0746424,0.41193536,0.8805908,-3.418123,-2.5127978,1.1304708,-0.0976012,Good
-0.16707404,1.1316633,0.16572696,-1.932293,-1.7077014,2.916387,0.59285295,Good
-3.8752499,1.9257684,-0.0072898986,-1.9075216,-2.3232398,2.007514,1.6893057,Good
-2.0761147,2.5291371,4.6213913,1.5184059,-2.2044563,-0.26054022,1.184264,Good
-4.2090425,1.3142618,-1.9645939,-4.9135747,-1.0036175,3.9064653,-2.4684954,Good
-2.5743833,0.51665914,5.2715287,0.043579668,-2.2224412,-0.7257834,1.2517436,Good
-0.5548685,-0.964006,-0.13879225,-5.1830926,-0.07656757,6.1482472,-0.14978485,Good
-2.1091332,0.38359112,1.4637936,-2.7614272,-4.825456,1.0747676,-0.00043978766,Good
-1.570774,1.7364669,2.410255,-2.9501047,0.057052393,5.222331,2.6194313,Good
-0.8599176,2.6145046,2.0937696,-0.8541127,-1.2890095,2.9017751,0.3843223,Good
-0.43391588,1.1836438,1.0444547,-2.5230377,-1.5163546,2.9813128,0.49406293,Good
-1.6596624,0.28934005,1.556676,-1.936851,-1.7221882,1.7812704,0.73849475,Good
-1.8528223,0.21033424,1.1659013,-2.1029236,-1.9391822,1.7403262,2.219857,Good
-1.3858737,0.8581182,2.7277832,-1.9359648,-0.8447755,2.7395067,3.633432,Good
-1.0684465,1.4501349,1.2322389,0.041201573,-1.8716719,1.3247461,2.947758,Good
-0.70167994,1.9678513,4.8094144,1.3626056,-0.07589124,-0.41804904,3.1141717,Good
-1.2647257,1.4584694,3.687035,-1.3928992,-2.271274,0.33756077,4.6158743,Good
-1.8370888,3.1568546,0.4687308,-1.4792175,-0.70469123,1.5486372,2.3790421,Good
-1.4726214,1.5064018,0.9312945,-0.1206207,-1.501445,0.39654398,3.11181,Good
-2.686319,2.588819,-0.2970758,-0.76652324,-0.4919885,3.917245,0.37402776,Good
0.07284724,2.8818047,6.1709394,0.09099248,-0.32792357,0.040179856,1.948357,Good
-3.4334774,1.4114399,0.18786082,-1.4974097,0.23339844,1.4847357,1.3060937,Good
0.4944252,3.5029442,1.2293656,0.4283871,1.1550119,1.2006587,3.3156393,Good
-1.0080884,1.7309277,-1.2502806,-2.480263,-0.05499373,2.8665624,0.6201165,Good
-2.9992104,2.9511507,3.0603917,-0.4610715,-2.2322552,0.43682736,1.1073338,Good
1.4664521,-0.41747802,4.4133596,-2.374937,-0.58282626,1.4018296,1.69278,Good
-2.1178784,1.0485563,0.026179878,-0.9773695,-0.9825745,-1.8370229,1.6816299,Good
-1.1101192,0.9001008,2.871242,-2.512903,-1.9189075,-0.124401964,3.8943293,Good
0.3152585,1.442118,0.835484,-0.85392183,-0.8634117,0.5465368,2.9117656,Good
0.9253825,0.70028424,1.2969642,-1.6234146,-0.15733965,2.9986362,4.1637263,Good
-1.3031987,2.6593254,2.7211406,-1.0806978,-1.3678534,2.5620372,1.1709052,Good
-3.227308,1.9411013,4.194843,1.4900475,-1.4610658,-2.842409,1.2916662,Good
-2.8822045,1.8154284,0.8192225,-1.0097213,-2.4916177,-0.36855757,0.39530045,Good
1.4491187,-1.311818,3.2633944,-2.7396464,-2.5018666,1.4019388,2.6383193,Good
-1.6799812,1.8747528,1.2559147,-1.9046612,0.82255113,2.6240485,3.1312525,Good
-2.3824544,1.9343426,0.20529808,-1.6034843,-1.2941846,0.7900296,1.0063505,Good
-3.5581708,2.144255,2.3434212,-1.4175427,-3.1542902,2.739905,2.5308118,Good
-2.6106188,1.0891815,3.6112652,-1.9338982,-1.4112885,1.8058745,1.1786658,Good
-1.2221643,1.6567268,1.6817399,-0.48365358,-1.0236685,-0.25406808,3.3328724,Good
-3.892295,0.63712555,3.1881123,-1.2183875,-0.58989096,0.4214223,1.3267723,Good
-1.4181942,1.2762171,1.5495317,-1.6639746,-3.20051,-0.07992747,-0.25916177,Good
-2.3000922,0.70482403,3.758923,-2.6004968,-0.49284902,1.5710241,0.62168604,Good
-1.9000298,1.8476433,0.55653846,-3.0409372,-2.0350761,2.2614176,-0.25948688,Good
-2.1261718,0.20089701,-2.6367884,-2.9615479,-2.0134103,2.4674745,1.6701894,Good
0.07926938,1.3359451,1.4367634,-0.7023023,-1.1752992,1.7806728,2.7906067,Good
-0.396824,0.8218344,-0.06186192,-2.3526318,-1.7062187,0.45916864,1.9447616,Good
0.5323665,1.4457024,6.438196,0.64910835,-1.2164019,-0.8461166,3.7203019,Good
-2.7296553,3.002987,2.8650615,0.741991,-0.8937309,0.37668058,0.024078563,Good
-4.184264,1.206422,0.45265487,-2.883923,-1.4615704,5.1649175,1.2296207,Good
-3.5866308,1.9185199,2.5564241,-1.1967254,-0.21766333,1.580407,0.27046177,Good
-3.378437,2.4116626,0.5952439,0.8671262,-1.6890332,-0.17367077,2.2834399,Good
-2.209253,0.44208762,0.5648851,-3.0414615,-2.7704952,2.3560517,0.21147087,Good
-1.4225199,0.4813834,1.5385499,-3.061347,-1.1739073,2.127136,-0.32277668,Good
-0.46594176,1.0802348,-0.4590832,-0.8336431,-1.4083794,3.2044735,4.1410007,Good
-3.841843,2.8454115,4.6203337,0.7542872,-1.5089134,-0.9073965,-0.48898134,Good
-1.6956803,1.2459079,0.009466662,-3.7226357,-0.45823136,2.0656676,0.94717467,Good
-0.9996087,1.5004033,1.2947165,-2.2662468,-1.0314207,2.4939451,0.17578754,Good
-1.9942303,0.53340757,-2.643265,-4.035473,-3.0147808,4.3197436,0.86439264,Good
-1.7688471,0.54969466,1.1502731,-1.1033149,-2.4842117,-1.5621815,0.27625147,Good
-0.14915763,3.5958033,0.75217247,-1.8830783,-0.0120904455,3.5997446,3.1746926,Good
-3.0130723,2.1646917,-1.5788302,-2.5208962,-0.3475071,0.0424805,-1.5918734,Good
-3.0764527,1.2600472,0.45787317,-0.105870545,-1.0551358,1.0250684,0.6941585,Good
-4.201029,1.1577988,-0.71558195,-2.8299453,-1.2735728,3.657298,1.0819227,Good
-3.7793422,1.6299491,0.3510514,-1.454958,-2.136152,2.1628795,2.6500032,Good
-3.9980316,-0.5544921,3.0412965,-2.161321,-3.7021432,0.26151893,2.333486,Good
-3.7857292,0.8930995,-0.47509003,-2.0472317,-2.788434,1.7501082,-1.0052403,Good
-0.79662085,0.38708925,1.7768884,-3.07549,-1.7373734,1.8072271,2.864738,Good
-1.0647686,-0.04756924,1.0792806,-2.5666144,-1.826662,0.83454454,-0.9687263,Good
0.17623338,0.41705275,-1.6751,-3.0241485,-0.7196562,3.8864834,2.567473,Good
-1.0335985,0.7545623,0.20810868,-4.08015,0.05907648,3.5367386,0.35851914,Good
-3.4903226,2.0408666,1.4776107,-1.8901367,-1.627521,2.963691,-0.70292324,Good
-1.3300021,1.7688276,3.491615,-1.6741997,0.83377033,2.0255005,2.2015238,Good
-0.43490648,1.3085326,1.6286412,-1.9081659,0.43402728,2.1158416,2.2128947,Good
-3.9078016,1.4784622,-0.86961305,-2.8209362,-1.3798635,1.4105053,3.3050604,Good
-0.11046011,-1.2460572,1.1730325,-2.6630297,-2.0282257,3.44996,3.2721152,Good
-2.7848678,2.040651,1.71001,-0.7427577,-0.13994373,1.9973772,1.1013649,Good
-0.18806422,1.0262403,-1.1954314,-3.064251,-1.4349469,1.5214496,1.9789983,Good
-0.0853488,0.7469361,1.0045555,-2.005542,-2.4723868,1.6159602,0.94623935,Good
-3.9368527,2.4376569,1.7320561,0.60700697,-2.803211,-3.2414498,-0.27481297,Good
0.48303875,0.11602802,0.6163168,-1.7433753,-1.5316443,2.601549,1.685601,Good
-2.3639088,0.42418098,-0.14290562,-5.175369,-2.6026793,4.56102,0.9159722,Good
-2.5420265,1.0828279,0.7251373,-1.8164905,-2.409129,2.9941492,0.833742,Good
-1.4597996,3.0870316,3.857015,1.2523866,-1.6328883,-1.1643015,1.2819252,Good
-0.7609085,1.6068199,4.2463894,0.50708973,-2.714731,-2.3941348,0.3485912,Good
-5.7649426,1.5523503,1.0192558,-1.765518,-2.9667165,-0.40934145,-0.5787896,Good
-1.757643,-0.1098885,1.0441756,-2.2197611,-2.8991203,-0.95492905,2.877549,Good
-0.057199214,1.3463466,3.045971,-0.8083317,-1.4243649,-1.0316745,0.10859519,Good
-0.048300266,2.540045,1.2931132,-1.283749,0.40858933,1.2270966,0.314627,Good
1.3140604,2.2397861,5.4185176,-0.80474406,1.3728613,1.7740551,2.175094,Good
-1.5254222,1.7639155,1.3781642,-0.9347965,-1.9969343,0.5282073,-0.26725113,Good
0.75177884,3.4125798,3.797504,0.35580158,0.14003977,0.26109967,0.6926586,Good
-0.6286645,3.212385,1.0845554,-0.72501147,-0.53939646,2.089161,1.7367711,Good
0.072030075,1.7876298,1.8813441,-1.9886459,-0.7933267,2.7578487,0.9461618,Good
-2.6635885,0.6242186,4.8271656,-1.0342277,-2.2235196,2.1487856,2.7758145,Good
-2.2653072,-0.48351336,0.6537254,-4.3129325,-1.9966189,2.0815597,0.25376967,Good
1.3164674,4.5869703,3.2148032,1.6633257,0.3503104,0.20084995,3.6926377,Good
-1.032918,4.434151,1.7473499,-0.81411356,-1.1550355,0.1621957,0.116169974,Good
-1.7276459,0.17638212,1.5598933,-1.6552502,-3.6033256,1.2769022,1.9199972,Good
-2.4339504,0.48103884,3.3499777,-0.5866467,-1.7113414,-0.21916382,0.0888337,Good
-0.5599876,2.190806,5.8547873,0.9229983,-1.3174669,-0.17890707,4.9819226,Good
-2.093815,0.80686116,3.067962,-0.96003044,-1.7064542,0.7896847,1.3053607,Good
-0.83089733,0.21182281,-2.5233662,-5.1077228,-1.7961824,5.7144446,2.7561512,Good
-1.921504,2.0872555,4.0953264,-1.0580405,-1.5886564,-0.14549962,0.46049768,Good
0.48404005,-1.2396952,2.9962552,-3.7705543,-2.498738,1.0585122,-0.9175391,Good
-1.9647776,3.025406,1.8766142,0.16333686,-2.8241417,-0.30789176,1.2252362,Good
-1.5198749,0.7233512,3.9578192,-0.7468725,-2.1424298,0.06300781,2.5349002,Good
-0.67513853,0.5050239,1.9561756,-2.2975116,-2.7062428,4.0037746,0.8586863,Good
-1.7342708,0.51802284,5.847838,-0.7088197,-2.4965408,1.3901168,2.485734,Good
-1.7263757,1.3701472,0.63792056,-3.4232802,-1.4997233,3.8083904,1.7777286,Good
0.63224375,-0.32574502,1.7039974,-4.6475053,-0.50579536,4.562021,2.6623633,Good
-3.6981726,0.85808766,-1.4937161,-2.5107536,-2.9080145,1.8281417,-2.3457303,Good
0.058627803,0.77604455,0.52436495,-2.527188,-1.8536028,1.0365168,0.2908168,Good
-2.067911,0.9731015,-0.2391084,-3.4993846,-0.6263655,3.250324,0.34414724,Good
-0.8106666,1.1699879,0.19790296,-2.1258554,-1.0869012,1.4044292,-0.094062336,Good
-0.8955175,-0.98509413,3.3227644,-1.6907464,-1.3767095,3.4408782,3.6384523,Good
0.4780521,1.4552075,3.123925,-0.074149966,-1.4732199,2.641126,3.315873,Good
-0.24909744,0.9067039,-0.051808663,-2.338208,-2.0193703,1.5088043,1.6775191,Good
-1.8703603,3.202474,3.0961637,-0.13881566,-2.4268863,-2.0076802,0.45416474,Good
-1.057696,1.2966489,0.51362246,-2.0588872,-2.7007723,1.817397,1.63278,Good
-2.0893474,1.2253717,2.3879545,-1.5732156,-0.02856253,1.1050575,0.46569198,Good
-2.6737444,3.4684086,2.552929,0.14094117,-1.294562,1.0140796,3.557546,Good
-0.46708578,1.6823523,3.2617257,-1.4030337,-0.25563914,1.6183726,2.284501,Good
-2.7440245,1.733687,-2.0769327,-3.7273746,-3.2976625,2.8844,1.3040313,Good
-3.654894,1.6039368,-0.66015387,-3.361312,-4.128123,2.9543657,1.8315849,Good
-2.1880236,1.297042,1.6363425,-2.2049868,-1.9008346,1.9198662,1.9387735,Good
-0.118618034,2.3447897,1.4358861,-1.7050512,0.114020415,3.3644924,2.225567,Good
-2.4800873,0.7733988,-3.033827,-4.6703563,-1.2910774,3.3897948,0.5672493,Good
-2.8764725,1.7840538,0.5299407,-1.4615664,-2.4724126,1.4971598,0.6782784,Good
-2.324352,2.6165743,0.8243209,-1.1041899,-1.2103641,1.7616247,1.310875,Good
-0.08787304,2.9375472,-0.79300845,-2.0449731,-1.179388,1.3395574,-0.17278056,Good
-1.619617,0.8433976,2.9833372,-0.67581517,-2.8510692,0.90904146,0.62402886,Good
-2.6835322,0.73541737,-0.3271723,-2.9027593,-1.7527908,2.5723526,0.42217883,Good
-1.3389554,1.3707956,-0.44071564,-2.79166,-1.705364,2.117317,2.3763547,Good
-0.513118,2.8116136,1.0862621,0.3992644,-1.9276617,0.8229622,1.8376015,Good
-1.1993898,2.8907454,1.9589639,-1.0453585,-1.0953212,0.49654853,-0.63349336,Good
0.13043484,2.0523047,1.8819909,0.099523604,-1.8724685,-0.35690624,4.104087,Good
-3.8574111,0.70102173,0.37358782,-3.153315,-1.2943443,3.1538754,-0.53811127,Good
-0.5806583,2.393087,2.2223275,-0.5589105,-2.245857,0.5157171,2.742713,Good
-0.68408626,-0.7593392,-0.32669884,-3.304849,-0.7997878,3.7091289,3.1045907,Good
0.020163583,1.8704932,1.4535471,-0.7891742,-0.5451122,2.1182368,2.1254904,Good
1.5539112,3.3926163,3.0265434,0.79754645,-0.15096642,-0.61226207,2.2657464,Good
0.3510417,3.0575304,-0.84652644,-1.3145047,-1.1642953,2.2566924,3.953879,Good
-1.7638065,2.0228956,0.84571123,-1.1983641,-1.9656109,1.1613368,0.5659998,Good
-2.7404294,-0.14446722,0.3634367,-1.6173803,-4.270215,0.5743514,0.21014808,Good
-1.3794268,2.6806958,1.6629741,-0.5898692,-1.3427973,-0.45419878,-0.7199247,Good
-0.9496224,1.7558913,4.0321264,-0.8064584,-1.4734179,0.12843645,0.47618726,Good
-3.247241,3.8310862,5.293271,2.8236537,-3.3722112,-3.6452172,1.6572748,Good
-0.9830586,-0.11862307,1.194885,-4.685554,-2.4616506,4.0303197,0.9400851,Good
-1.3595692,1.1466872,-1.2937847,-2.2414966,-1.4585863,3.8761353,2.2827375,Good
-3.2998908,-1.9569434,-0.3528168,-5.934154,-3.1678421,5.171045,2.4113762,Good
0.59362483,0.9233551,1.690711,-2.306228,-1.8601482,1.7516228,4.347574,Good
-2.890668,2.1780245,-3.0550811,-3.4789188,-0.6407938,3.7368731,-0.3087685,Good
-3.682596,2.8060336,1.948528,-1.26626,-1.9450091,1.7489805,1.8517663,Good
-4.6698375,0.5045337,-2.3808699,-3.4094183,-0.78864646,4.782144,0.8922873,Good
-3.537382,1.1875669,0.16329189,-2.4544547,-2.4629087,0.5498384,-0.3061816,Good
-4.4900045,0.54103756,-1.0099566,-5.1956773,-2.647334,4.2782207,-1.8684814,Good
-1.8382401,0.6545374,2.443887,-2.3295808,-1.8451488,0.5858621,-0.50984037,Good
-3.1109798,1.6929024,1.5029603,-2.056423,0.9758068,2.8259082,-0.33195683,Good
-2.9880257,1.2079235,2.9418612,0.5428931,-1.4174657,-0.96777284,-0.09047303,Good
0.427321,3.4908671,4.421178,2.4640667,-1.2423686,-2.219259,4.6565704,Good
-0.10535311,0.5766544,-0.40241066,-2.601663,-1.5044093,3.2009897,2.6638236,Good
0.12761983,2.0093646,6.1096287,0.95545274,-0.7174863,0.026416995,1.5675317,Good
-0.21522193,1.794582,2.5315342,-1.1907921,-1.7986171,2.5814357,2.014042,Good
-2.1598704,0.48988274,2.2470644,-1.5703892,-0.6207168,1.9299475,3.3386304,Good
1.3279107,0.7254775,5.0324564,-0.58730716,0.71849054,-0.11113129,3.1671536,Good
-1.2084765,0.78663284,3.0753279,-1.8295724,-1.9272614,2.284751,3.1995823,Good
1.0075945,1.1682783,4.1122737,0.8334911,-2.297062,0.03804388,2.5489624,Good
-2.0487523,-0.022430314,4.1697755,-2.2620738,-3.7787063,1.0331411,2.827331,Good
-0.9527047,1.0805591,2.5622427,-0.17098622,-1.5536277,-1.3330152,1.7032499,Good
-2.7077909,1.2854842,1.0411158,-2.4431567,-0.71801126,2.4548588,0.28384092,Good
-0.01942246,1.1182647,3.0716968,-0.7898679,-2.2226684,0.23215553,2.316788,Good
-2.2387645,3.0883005,3.4496562,-0.15271944,-3.3597584,-0.20907444,1.5305446,Good
-0.61946523,2.0112379,2.2001903,-0.71087915,-1.363399,2.7218094,5.385271,Good
-2.5408409,0.19520873,1.4181578,-1.7474183,-1.5942647,1.3221692,1.5292127,Good
-1.0967529,2.1003337,-0.8260389,-1.8009948,-0.8938913,0.5915745,-1.6143389,Good
-0.2691455,0.82465255,-0.3557034,-2.8651347,-1.6371908,3.5561955,1.1590298,Good
-0.6902657,2.5878084,-2.3915446,-2.3983135,-1.4145242,3.1391568,0.4124722,Good
-3.1538725,0.931645,3.4349995,-2.154034,-2.0188496,0.43101853,0.9982383,Good
-2.5775404,-0.531359,2.4631412,-2.7637498,-3.2104461,1.7329365,2.6561384,Good
-0.29954824,1.8853742,3.285513,-2.1722882,-0.75261956,-0.38516954,-0.58647066,Good
-2.1606565,1.6459663,1.917688,-1.027537,-3.9030867,1.104992,-0.22949444,Good
-3.6090832,0.21086216,0.991363,-6.2909117,-1.2342682,5.20356,-0.7714753,Good
-1.7046757,2.9151442,0.3614547,-0.010178727,-1.2769145,0.3743543,1.0765455,Good
-3.0907173,1.6520417,1.2849103,-0.7885176,-1.9671739,0.024889594,0.5608305,Good
-0.09812993,2.1639624,3.692173,0.52226007,-1.503573,-0.642244,5.211793,Good
-3.6012387,1.5639203,-0.26774937,-3.4087646,-1.9166324,1.4209232,0.3398494,Good
-1.4276749,0.037271313,2.722092,-1.3935192,0.008009618,0.5322043,4.4800453,Good
0.06487527,2.8554795,2.9567158,0.22968373,0.41765758,-0.07627819,1.569851,Good
-2.0344112,1.4551004,1.1115681,-1.7375349,-0.9710452,1.8062233,0.035128083,Good
-1.950852,2.4439318,1.4430864,-1.9916387,-1.302294,2.1485314,2.3260024,Good
-0.55514026,1.6141783,4.0831747,-1.5669461,-0.99274415,1.7227962,2.213494,Good
-3.7080102,-1.2752168,2.6953688,-2.1938717,-1.152517,1.1567457,2.5954702,Good
-2.422355,1.4962984,0.65900904,-3.2136745,-0.7510822,3.2631803,1.4781824,Good
2.1726036,2.1235733,2.3675091,-1.8290442,-1.0130284,3.2803724,1.8636622,Good
-1.6100352,1.3570036,0.3526292,-1.2676673,-2.4333565,1.1996863,2.9069684,Good
-1.114358,1.4922282,-0.037429005,-3.0656984,0.031669773,3.7797227,1.1777847,Good
-1.439334,2.5621183,0.22622243,-0.69068474,-1.1865983,1.8179013,2.7022939,Good
-1.0119805,1.5255508,1.2345202,-1.2524375,-2.6968002,0.5330788,-0.45210993,Good
-0.20901784,1.081035,-0.28911313,-2.5072598,-0.79294807,2.9884715,3.3425798,Good
-0.36270687,1.5364138,0.7500506,-1.1608372,-1.4282134,-0.8062078,0.46173215,Good
-1.98649,0.82336766,2.1838357,-1.2495733,-1.0115978,-0.038018096,4.2852182,Good
-0.040586006,1.2298176,2.0282698,-0.49403697,-1.601531,0.5005558,-0.91093636,Good
-0.6425,1.6897163,4.424388,-1.4115704,-0.5294257,2.0304508,3.0104074,Good
1.1722573,0.94285274,-0.32987782,-2.9666932,-0.45918858,1.553578,4.317861,Good
-4.0133348,2.7396088,-0.043727778,0.26796156,-1.4409423,0.025414791,-0.37219054,Good
-1.8456265,2.4189832,2.4566383,-1.2706214,-2.0617359,2.7335832,1.8988782,Good
0.45838413,2.250105,1.1065999,-1.5817488,-0.23010352,1.2825738,1.4915754,Good
-1.0101596,0.21787277,1.6847351,-0.39787462,-2.267925,1.1410384,1.0825919,Good
-4.2049494,1.3290015,2.2817187,-1.9840908,-2.8298528,1.1078538,0.2575327,Good
-2.2079694,1.5331383,3.3071647,-0.5117536,-1.4713876,0.35817283,0.6139507,Good
-3.3733997,2.4314156,0.8346906,-2.66548,-1.7983992,2.6187923,-0.3365203,Good
-1.2003773,0.433374,3.1734684,-1.0251448,-1.884764,1.1495483,2.1497483,Good
1.6912149,3.7696912,1.4685593,-1.4210051,0.442939,1.8750407,0.885749,Good
0.1426221,1.1526492,1.0705795,-1.2456642,-1.9712073,0.13718577,1.030182,Good
-1.8408631,2.7179813,2.8481908,-1.869812,-0.73704636,3.33171,-0.6102095,Good
-2.3368433,1.3922454,3.5627487,-1.8544382,-1.5528711,2.3413665,2.5003831,Good
-3.170588,1.4659961,1.7702014,-0.47350138,-1.4773632,0.023912286,1.093623,Good
-1.9552025,-0.117761225,0.12185538,-5.1500945,-1.3872226,3.4354455,1.662624,Good
-1.6357123,0.800199,3.2146804,-1.2552122,-2.464611,1.0139334,2.9291356,Good
-1.1006007,1.0951746,3.6225734,-0.689118,-0.40105712,1.6571549,3.007693,Good
0.53369623,0.9835998,0.08103474,-2.332462,-0.56642365,3.1193988,4.7456408,Good
0.31220737,2.6827424,2.6174138,-1.8230832,-0.07994826,3.7560418,1.2635821,Good
-1.9821743,1.6836197,-1.84686,-1.6660792,-0.7957737,2.7942088,1.446501,Good
-0.25620255,3.410945,1.8616064,-0.020370642,-1.0757514,2.3036997,2.8083322,Good
-0.8164055,-0.5904426,1.7590017,-1.432093,-0.8520102,0.98022735,1.7753272,Good
-1.380715,2.3987277,-0.51455754,-2.4066837,-1.0627154,1.5824273,-0.9472878,Good
-2.5347729,0.2349803,2.8554454,-0.8974584,-1.6378353,-0.396721,3.7138107,Good
-0.32986572,0.5214869,1.0728459,-2.1623344,-0.5980717,2.262349,1.8701347,Good
0.18643045,1.164577,0.48589307,-1.4706398,-1.4734343,2.2144635,2.2095835,Good
-0.08185058,2.0005112,3.1673987,-0.89963984,0.014121151,1.5090716,1.9678166,Good
-2.9035718,0.5555095,-1.1781175,-1.7319587,-2.7663949,1.3876672,-0.021511262,Good
-0.3024942,4.93831,0.9949361,1.0587583,0.19821195,-1.3239303,0.6205449,Good
-0.59828764,0.8039393,3.9459267,-2.6461208,-2.281127,0.89416236,1.3127856,Good
-1.5197968,2.014234,-1.6786152,-4.195191,1.5025591,5.3971424,0.8033463,Good
-2.9553342,1.7700483,0.7516134,-1.3651714,-0.39849603,2.164597,1.208555,Good
-1.4255235,1.1312141,-0.6255173,-3.193261,-0.681102,4.0621367,3.7749484,Good
0.69039434,1.3569359,0.16045088,-0.06886909,-1.0814549,0.50740737,2.947138,Good
-4.5277247,0.82582325,2.4799533,-0.06972739,-4.1358676,-0.59396964,3.3107047,Good
-0.87943673,1.9360977,1.0779687,0.14854126,-3.3266637,1.0892745,2.9929423,Good
0.12847896,0.2640677,2.5994089,-2.6039116,-1.1310606,2.813499,0.9754715,Good
0.5340441,-0.25651416,2.2316096,-3.0030336,-0.74108714,2.5068374,1.4038364,Good
-4.903413,2.0497317,-1.9753737,-1.9603735,-3.5596375,2.3309922,-0.44091997,Good
-2.2498376,1.9133911,2.272251,0.7794422,-0.5531063,-0.4854799,2.8249576,Good
-3.637722,0.006421956,-0.18868503,-4.4284887,-1.822894,2.875705,-1.1761543,Good
-0.2617567,1.7079585,0.10671852,-3.1249995,0.5615981,4.9055986,3.3199518,Good
-2.9375818,-0.2864286,1.2929035,-3.587841,-1.6678175,4.253275,3.2224014,Good
-2.9027436,-0.61942154,2.3635068,-3.013928,-1.287917,3.465546,0.8913454,Good
-3.8035536,-0.49923775,1.3053725,-1.8551015,-3.4215126,0.26587358,2.3981793,Good
-3.0395467,1.0944177,0.413856,-2.3807151,-2.4862273,2.308441,0.67594224,Good
-0.064339615,1.5983933,4.54046,-0.31395575,-1.0008069,1.4386917,2.4073193,Good
-3.8183131,5.679692,-1.2861538,1.0235146,-2.2782736,-2.1485589,-0.45198667,Good
-4.676008,0.34648734,-0.47068077,-3.5145402,-1.8929197,1.3475604,0.07791794,Good
-0.12942037,-0.74959016,0.12162462,-5.1591268,-2.6602452,4.107658,2.2715137,Good
-0.7150631,1.0569544,1.5100006,-2.2129726,-2.2989137,2.3829713,0.38155308,Good
-2.0198677,1.1849372,0.36996046,-2.5927649,-1.8940516,2.9139962,1.6377829,Good
0.22298504,2.2586768,1.5657763,-1.6419387,0.24569997,3.9503198,2.8622267,Good
-2.8994784,1.1418653,0.2615565,-3.289169,-2.202995,5.1911516,1.7359093,Good
-1.8615164,1.2901065,1.0549906,-2.2370906,-0.7641982,3.2166984,1.2404904,Good
-2.7099462,1.3438748,3.7221613,-0.55732405,-2.854283,-0.051729817,2.9537396,Good
-0.1812589,0.25906307,1.2356213,-2.5888228,-1.9199471,2.8407598,2.4036884,Good
-0.32976303,3.1833918,3.7315898,2.3255992,-1.2048658,-1.5130702,5.0023274,Good
-1.3176888,2.030086,2.4483926,-0.5356015,-1.0142987,1.1284586,3.367145,Good
-4.2226005,-0.11350563,1.2711532,-3.504885,-3.1470942,2.4337502,-1.053285,Good
-3.365959,1.9399031,0.82362443,-1.278927,-1.6054009,2.062714,0.19096348,Good
-0.334309,0.6798761,-1.6820785,-2.3019125,-2.804427,2.3567374,1.2241313,Good
-2.5430243,1.1707065,2.2215111,-2.9699433,-1.5218858,4.0712442,2.618171,Good
-3.7544355,1.4175253,-0.1208446,-2.0815413,-1.1879561,2.634188,1.9981023,Good
-2.035759,1.5560151,1.6673012,-1.226498,-2.9839888,1.1567295,1.4585493,Good
-2.3263862,2.163132,0.6287941,-3.0603411,-1.1020745,3.0779798,0.97220534,Good
0.92538863,2.1145124,1.5760343,-1.8434067,-1.4828073,2.2402961,1.7184744,Good
-0.18852429,2.7684076,2.120311,0.8333313,-0.30202705,-1.4054891,1.9129249,Good
-3.4182353,0.49295968,1.8744996,-1.7251791,-1.089916,0.033883546,-1.0538546,Good
-2.1962833,0.9145254,0.059575327,-0.5856518,-1.5673355,1.5347351,-0.7735362,Good
-1.0683527,1.6950226,-0.42209393,-1.904439,-0.55565685,3.6369786,0.64382637,Good
-2.6278036,1.2583737,2.2454739,0.34904566,-1.5277563,0.23537871,1.3354617,Good
-1.5996467,1.1768798,3.8366098,-2.4271486,-1.1643945,2.7135136,1.3289057,Good
0.24900243,0.96187884,3.135072,-1.9912684,0.9257819,3.1711836,4.4551907,Good
-1.9529955,1.1399637,-0.3239801,-2.6830716,-2.7631192,2.61926,3.0027142,Good
-1.4827762,-0.08251822,1.8580886,-1.4174553,-2.0473394,1.088999,0.71087617,Good
-4.773064,1.1395319,-0.1569185,-3.8864331,-1.8596754,2.7974608,1.2594439,Good
-1.9403061,1.1472887,1.9443346,-1.5570693,-0.23378496,3.2590952,2.4763494,Good
-1.0295088,2.9584446,1.6176006,-1.9814336,-2.1425266,0.32314458,1.2486799,Good
-3.894034,1.7117286,0.20948792,-1.7047602,-2.4906504,-0.46630841,0.65003824,Good
-5.5135813,0.5473527,-1.9548863,-3.4033744,-1.738765,3.451719,1.3264579,Good
-1.0768855,-0.55933595,2.6164227,-2.6371357,-1.0623137,2.3418808,0.57577,Good
-3.1250336,2.2096627,0.3709253,-0.9132853,-2.5854585,0.31765473,2.028717,Good
-0.9616163,3.4391692,4.6304693,2.482132,-0.57108897,-1.7582457,2.2079496,Good
-1.9311782,2.4772513,1.8880361,-0.8140843,-0.16335954,2.2104993,2.3307853,Good
-3.6610875,0.31226182,1.9329535,-1.5659696,-2.4385593,1.1241328,-0.19902804,Good
-1.6040108,0.72460353,1.2924299,-2.0330164,-3.062907,-0.08880071,-0.042922482,Good
-3.7284172,1.1733048,2.225358,-0.79307646,-3.2206132,-2.378023,-1.7662603,Good
-1.6337321,2.395083,0.051187333,0.034094755,-0.8921157,1.5560249,2.7566328,Good
0.41999903,2.1621375,2.7171884,-2.433744,-1.1671326,3.1173952,2.2870739,Good
-1.6369401,1.5186173,3.8398743,-0.085030146,-1.8968066,-0.21719715,3.5971434,Good
0.3393666,3.004466,0.3849216,-0.046105858,0.01870289,1.1422524,1.9818535,Good
-1.6371719,2.756704,-0.70233554,-0.47830886,-1.6744229,0.2658964,-0.10177169,Good
0.78749174,2.1844497,1.1688029,-1.5774808,-0.27951044,2.5308273,3.2266138,Good
-1.4797057,3.412386,0.53834385,-1.2937424,-0.38810936,2.0790854,-0.016564373,Good
-0.8907748,2.0717096,-0.18454471,-0.5098744,-2.0862796,0.5009134,0.7450849,Good
-1.5369596,-0.02481595,2.93363,-2.264641,-1.2962314,2.101275,2.3418477,Good
0.6980981,2.0234902,1.9796858,-2.1589584,-0.08484684,3.5020278,2.2544608,Good
-0.5868998,3.411347,1.9462342,0.51270443,-0.4870047,0.37455422,1.8598355,Good
-0.64142925,1.3267958,1.0308815,-0.28042582,-1.1441842,1.7319458,1.7559012,Good
-1.7415719,1.6882117,1.6117145,-0.8772206,-3.2227576,-0.55004185,0.28919375,Good
-2.0595734,1.4747657,4.136734,-0.43172246,-1.3554856,-0.27175668,0.8097159,Good
-0.82902765,0.58832866,3.002726,-1.6940593,-3.1432643,1.7260683,2.2774298,Good
-1.2233272,2.3920066,1.1036018,-2.2579837,-1.890574,4.240194,4.385007,Good
-1.7774627,0.862675,2.39624,-0.06414686,-2.312119,1.7531673,2.1051888,Good
-0.24314094,2.5341294,0.74339634,-0.88187236,-0.064560354,1.6324258,0.35712475,Good
-2.7177174,1.4217033,1.9716195,-0.86876553,-2.8355043,0.7448458,1.3733736,Good
-2.0421295,2.380219,0.6211351,-2.2231617,0.024724064,2.8952127,-0.15583962,Good
-1.063846,2.4487143,-1.0797273,-2.3655298,0.005295673,2.4694266,0.4705657,Good
-1.0969691,1.1477135,4.449276,0.41174608,-2.9409528,-1.4270091,2.737765,Good
-3.7373433,-1.7424192,0.20555331,-3.0593288,-3.3992622,1.5800568,2.5955904,Good
-3.3073459,2.9290452,-2.063142,-0.6530277,-3.387312,1.2253388,-2.2510352,Good
-0.4389518,1.6230271,2.6198332,-2.0442972,-0.76453424,2.945184,2.1267948,Good
-1.6478734,-0.8855341,-0.14640039,-3.8149343,-2.3224492,4.2395673,1.9260342,Good
-3.663438,2.1077347,0.82178354,-2.379909,-1.3046784,3.0201433,2.7685845,Good
-0.30564636,3.2190816,1.0135688,-0.17306966,1.3524641,3.5848534,2.1710074,Good
-2.887085,0.8665063,0.111961864,-2.6095173,-1.0556805,3.2511573,2.085942,Good
-0.26649976,1.6840795,2.0824459,-2.310574,0.018980334,0.3788143,0.5386056,Good
-3.3319542,2.4922173,1.197518,-0.8368087,-1.9546396,1.3441497,-0.75230944,Good
-1.1489532,2.625333,1.6495587,-0.55584824,-1.1862234,2.3423698,2.7931352,Good
1.854941,0.30685532,3.4168856,-1.5726105,0.26788336,2.557193,4.461588,Good
-1.9957168,2.1520743,1.6849571,-1.2305776,0.24883617,0.44110945,1.813555,Good
1.3379834,1.823511,2.8904846,-0.73916674,-0.9574382,1.5718975,1.9748098,Good
-0.32749355,2.4500885,-0.59424335,-1.8261428,0.51278436,5.0266776,4.3090916,Good
-3.9964418,1.4304593,-0.58729464,-2.1460266,-2.132466,3.4311244,1.9613409,Good
-2.497416,0.21297413,-0.16657132,-4.104173,-3.5523384,4.075575,2.0206037,Good
-1.2310387,1.3564278,1.6925548,-1.0898495,-0.7174707,2.5109484,2.368778,Good
-3.5639853,1.0870101,4.406802,-0.9695881,-1.5913963,1.8912915,4.423109,Good
-0.9031696,0.90981686,1.5076435,-2.9970598,-1.7904605,4.1413555,0.2581048,Good
-1.3120325,1.0096532,1.1234508,-2.1500666,-2.495496,1.7741758,0.25558656,Bad
0.66040605,2.4165056,4.0957003,-1.9129312,0.932349,2.1277943,2.0973072,Good
-1.434958,1.7092083,4.51122,-1.8155788,-1.242339,3.301807,2.5591795,Good
-1.3841712,-0.31977767,1.1607331,-3.1174889,-2.2012768,1.7231596,1.6189471,Good
-1.2853527,0.7568575,1.4191872,-2.7891672,-2.246937,2.8780456,0.023362568,Good
-3.221941,1.82151,0.7591289,-1.2726243,-2.5428245,0.75989246,0.5135745,Good
-2.132811,2.8996255,3.9017045,-0.119674854,-1.4332559,0.1897918,1.3925253,Good
-0.67443585,2.46632,-0.6258048,-4.042505,-1.1008658,4.0789456,-1.0044568,Good
1.2258003,1.3196336,3.0101454,-2.5354676,-0.2820453,3.2374952,1.6080095,Good
-0.9183613,1.8317437,2.2422683,-0.34358528,-1.1140971,0.303131,3.6409717,Good
-0.40421948,0.945892,-2.5760305,-5.318624,-0.6467207,3.3731022,1.0266694,Good
-3.4661322,0.50245935,3.727699,-1.8856376,-2.814002,0.47004902,2.5647619,Good
-2.161752,2.0556445,1.9245723,-2.76871,-2.5756626,1.2414837,-0.4973554,Good
-4.369997,1.5151678,-1.1057543,-2.6993654,-1.8159722,1.9517218,-1.4949623,Good
-1.5054907,2.0157993,2.2228625,-0.5212123,-0.5946763,0.65485287,1.2497703,Good
-1.6408191,4.082193,0.47955045,0.34600785,-1.1039703,0.8016052,3.615807,Good
-2.6405127,0.6715921,2.9397118,-1.2291365,-1.1838646,1.7149869,3.0529392,Good
-1.6216782,-2.5463047,3.4168587,-3.3156815,-2.276471,0.30595908,2.6441915,Good
-0.86504775,-0.6491461,1.9881158,-2.6403363,-2.6202273,0.74666685,3.3519597,Good
-1.4282765,2.961606,0.28664488,-0.5056775,0.4657531,2.1877098,0.5491958,Good
-3.8840966,-0.035146065,1.3083278,-1.9199352,-1.406112,1.491568,0.6911545,Good
1.435937,1.6519264,3.4644244,1.2989929,-3.814734,-1.6081743,2.914449,Good
-2.9705274,0.7014002,-1.1198663,-2.9518743,-2.869335,1.8466398,-1.9006913,Good
-1.3263977,1.187506,0.79278594,-0.3638443,-2.2449365,0.46053085,2.612259,Good
-2.564095,2.7125647,0.95857215,-1.7626241,-1.3936682,3.1910527,3.1141398,Good
-0.48410892,0.45718527,-0.3371747,-3.7611406,-2.5934837,3.989641,-0.5964552,Good
-2.421764,1.7502943,1.1072857,-1.248816,-1.5506042,0.505627,-0.9371826,Good
-4.8215685,0.69906455,-1.03276,-2.9270213,-1.6634508,4.2987757,0.7541128,Good
-3.0190012,0.89316434,1.8115771,-1.3466828,-3.4592829,1.2601565,1.9448917,Good
-0.34174863,2.6816442,1.8914359,-0.25933233,-1.3003503,-0.25886694,0.14698899,Good
-0.7262158,0.41080523,0.60185695,-2.599068,-1.7734109,1.8190397,0.69592583,Good
-1.7456455,2.3310857,2.861757,-0.3387772,-1.7502593,0.0911065,-2.5253665,Good
-1.3804442,0.99047065,1.4684106,-0.6011136,-2.0544171,1.8176172,4.6967278,Good
-0.99735016,0.86984307,-2.1465104,-2.367725,-0.7348629,2.9367678,-0.86868584,Good
0.2636513,1.7205784,2.9007053,-1.5958581,-1.8399491,0.5823173,2.5523384,Good
-2.954879,0.86139566,-1.2960625,-1.038507,-1.068392,0.56278646,-0.78919023,Good
-2.9479718,1.5363584,0.6158499,-2.047298,0.34475785,2.147848,1.6971332,Good
-2.555488,1.2721084,-0.69789124,-2.355512,-2.1188767,3.3442507,1.5885111,Good
0.11282446,2.2432694,1.4438121,-1.9069753,-0.5466741,2.0204604,-0.2094659,Good
-2.1117685,2.4423094,1.577187,-2.3676083,-2.2222302,2.0316603,3.1692045,Good
-0.524579,0.56438595,3.6811273,-0.7896113,-0.7968113,0.0011243983,-0.6196196,Good
-1.0785072,2.4368389,-1.263387,-1.1547908,-0.64511263,2.8002846,2.5134811,Good
-2.8405323,1.8634613,0.27400136,-1.3663646,-1.8875388,1.6265762,3.6365836,Good
-3.0362968,-0.34880334,0.49364278,-2.6140678,-3.004986,0.049255762,-1.2125826,Good
-1.1967694,2.2168906,1.2410482,-0.058943175,-1.0401815,1.3000504,2.1851008,Good
-2.584322,0.11249701,0.9836921,-2.7320836,-4.4264235,2.9081392,2.7204483,Good
-0.98269004,2.5696077,1.3444581,-1.5578496,-2.5933065,2.2707667,1.107133,Good
-1.642846,1.9966983,3.2935133,-0.10923094,-2.9702513,0.33121556,1.7636147,Good
-0.38740894,1.9587642,-0.5612424,-3.6224737,-1.164593,5.0475554,1.5123497,Good
-1.3414605,1.1162266,-2.5113134,-2.9548104,-1.7901218,2.767078,0.10778582,Good
-0.80336744,2.2756126,-1.1725218,-3.4373198,-0.15159188,2.4637375,2.0941072,Good
-1.1315502,1.2566563,3.2064195,-2.3231144,-2.7689455,3.1535945,0.7501061,Good
-2.3929682,0.26193923,-1.2151598,-3.0390606,-2.123361,2.8879497,1.8881267,Good
-0.47850394,2.5915065,1.0773369,-0.926054,0.57213813,0.39461735,0.5712038,Good
-2.0656905,2.1820195,1.8687806,-1.0098065,-0.443829,2.0915406,1.1132857,Good
-2.4102442,1.1136147,0.9822107,-0.7162633,-2.9942422,0.05534765,0.13613501,Good
-0.6797521,1.5082225,4.6454744,-0.9647545,-0.63397825,2.764242,2.9529176,Good
0.39584455,2.3677166,-0.94686776,-1.583993,-0.10515454,3.5657303,0.040211245,Good
-1.9665711,1.5298653,-2.0159502,-2.6896744,-1.4404199,4.180113,0.84139043,Good
-0.45217356,1.8270792,1.5958261,-0.97658116,-1.9387977,2.4493043,4.5351486,Good
-3.0626385,3.0423741,0.7968049,-0.86892074,-1.8101907,-0.51028377,-0.54815805,Good
-1.2560905,2.550032,3.173671,-0.58123267,-1.0821437,0.23329219,0.9469818,Good
-1.3196408,2.4848661,1.2448946,-2.2117603,-1.5345821,2.1048515,0.87562466,Good
-0.7424935,1.8276246,2.105226,-1.3269393,0.6210805,2.676413,3.0606632,Good
-4.2568865,0.786105,-0.6200176,-2.7538185,-4.0670395,0.8786576,-1.7312107,Good
-1.3474646,1.1105442,0.28446546,-2.0102556,-1.3566258,2.32732,2.0136058,Good
-0.8814732,0.92763036,2.0640745,-2.6369553,-2.1513906,4.298283,1.2816623,Good
0.5386256,2.3947444,1.0593774,-0.7779623,0.34077573,2.2883058,3.481392,Good
-1.8133835,-0.03270295,0.35546592,-3.9032118,-1.3233379,3.5299,2.0413325,Good
-2.784389,2.0003712,3.0515366,-0.42469698,-2.1213539,0.7157602,2.970654,Good
-1.4743592,2.0336905,-1.1644502,-1.8610077,-1.344013,1.9593012,1.4733009,Good
-0.73425263,2.6264818,-2.9068851,-3.0903149,-0.7425134,3.3682032,0.82267493,Good
-0.3428588,2.3564568,0.22136925,-1.8260392,0.4439416,3.9154506,2.3868556,Good
-4.050345,-1.4249313,-1.5774102,-5.3856363,-2.1206563,3.7618856,-1.0825963,Good
-1.7279416,1.4445379,2.7586098,-0.7023702,-1.3561703,0.050454527,1.4215603,Good
-0.36840916,0.2976879,1.2463402,-2.2714381,-0.83908236,2.1411264,-1.5839584,Good
0.40484464,1.7713072,5.0329533,-0.20428291,-0.5284317,1.3960079,1.4310597,Good
-2.7934372,2.7173975,1.7566655,-1.1156857,-0.48646128,1.2045492,3.4334028,Good
-0.7113528,3.4184282,1.4862143,-0.046834745,-0.9514528,0.57580787,2.262162,Good
-1.8944658,1.6940646,-1.9511418,-1.9285429,-0.6866534,3.169792,-1.268117,Good
-2.2449234,0.9947515,0.35032457,-1.4943168,-1.5111163,1.3409083,0.6733424,Good
-1.8983301,2.3446264,3.1243665,-0.37228316,-1.3344506,0.3462485,1.5648742,Good
-1.4239033,2.9849615,1.0064498,-1.2063943,-1.4859735,2.328419,2.1294053,Good
-2.2741575,2.1513693,3.1230469,0.22136028,-2.516199,-0.7883092,2.572145,Good
-2.1327744,0.8034008,1.8233277,-1.5033287,-4.308288,1.2448231,-0.9051274,Good
-0.0017799328,1.6759547,2.2641954,-1.6780924,-0.5312322,2.0492718,0.62463623,Good
0.26416212,0.56773317,0.86008924,-3.8840678,-2.2084277,3.6297264,0.061405905,Good
0.021986322,0.22258183,3.0571144,-1.2234355,-2.6438856,0.6340519,2.6249642,Good
-2.5570183,1.7802576,1.7156916,0.1826052,-2.026727,1.7525724,4.019214,Good
-0.34464338,0.17662457,1.1215948,-3.8023195,-2.4254818,2.4841385,0.57108754,Good
-0.39405763,0.7686496,1.1454033,-1.9862742,-1.6343195,3.8115907,1.967798,Good
0.29813597,3.1882303,1.9921882,-0.88641226,-1.2606717,1.2829875,0.4387768,Good
-2.3278835,1.4624916,2.7264822,-0.946511,-2.4935296,0.41607416,0.6473107,Good
0.40394652,2.3691225,1.5067922,-0.5154751,-0.29629883,0.9669249,2.3793292,Good
-1.8946543,1.5422324,3.4675617,-0.42500594,-1.3256251,1.2499558,1.029286,Good
-1.4304047,1.1949605,0.1424844,-2.0371473,-1.1733717,2.463846,2.102381,Good
-1.7898624,1.3600557,0.7255723,-1.8836064,-1.6898546,0.30195016,1.4031075,Good
1.0771891,1.7903627,3.140352,-0.18374787,-0.9648542,2.171882,3.6664414,Good
-0.027623821,1.9019561,1.0965804,-2.038365,-2.1746047,1.2764374,1.7032049,Good
-0.61025935,1.2744583,3.6998608,0.0631852,0.8218371,-1.0922639,2.4736025,Good
-2.2369478,1.1965647,-1.3108518,-2.557084,-3.5091195,1.2494694,1.0197198,Good
-0.6768168,1.8167702,4.4922643,2.9968264,-2.6342466,-2.9971008,6.1593328,Good
-0.37627923,2.1523304,2.8694882,-1.8077472,-0.46661985,3.3719735,2.3575528,Good
-1.8878338,0.42740497,3.0961614,-2.233352,-2.5503962,1.4993563,2.6618774,Good
0.39217916,1.7696676,0.88424724,-2.1316597,-0.65630406,1.8968493,0.6638404,Good
-2.398253,2.1790442,-0.24549313,-1.9602274,-2.8184528,2.0422523,1.0006126,Good
-1.1605899,1.8493793,-3.1015368,-4.3107977,-0.6853919,3.960469,1.1416926,Good
-3.0074508,1.4462956,1.2603917,-2.2532678,-0.8608898,2.2262678,0.3968796,Good
-0.9015473,1.3997409,1.535817,-1.95572,-3.2442172,1.4355017,1.6209569,Good
-1.036842,2.0338354,5.0262375,-0.23751314,-2.07316,1.7048972,4.589525,Good
2.1404865,2.327096,2.8288717,-1.7097695,-0.5968977,2.2411895,3.37192,Good
-1.3315034,2.3045433,0.63618004,-2.4083638,-0.18828277,4.01339,-0.400019,Good
-1.6733844,1.3208044,-0.8733233,-2.9181263,0.62996125,4.220872,2.21797,Good
-2.4397125,0.2409468,0.7794592,-3.1261194,-2.2178802,2.699711,0.417852,Good
-3.8722537,2.2551079,1.0443465,-0.5677002,-2.1159813,0.062968805,2.1660163,Good
-0.98666275,0.09562017,2.2357855,0.09020833,-2.1910946,-1.7848197,0.5013972,Good
-1.4841429,1.5541165,4.1853433,-2.6981802,-1.2073786,0.8990328,1.7339859,Good
-2.1086924,3.2333083,0.29392618,-2.2344563,-1.0693216,2.183312,2.5405164,Good
1.5804873,0.81645334,1.3500445,-2.1647797,-0.20103,1.3994111,0.35635546,Good
-1.7341511,1.3140268,2.0484717,-2.2037954,-1.0206354,1.6288452,-0.47676697,Good
-5.3699594,3.9158895,1.1774774,-0.15142553,-2.4886765,0.3248291,0.74141705,Good
-2.509298,-0.828206,0.43983662,-2.8013422,-0.92207617,1.256378,-0.41447672,Good
-2.0565047,1.9810203,2.934535,-2.0725229,-1.1362016,2.4782999,2.1617346,Good
-4.4596133,2.2261834,-0.4906596,-1.7884457,1.1897067,3.125929,4.5930448,Good
-1.006118,-0.18600921,1.462416,-3.6821969,-0.77182204,2.8989892,2.4836495,Good
-2.022374,0.028319934,1.4465835,-1.7824762,-2.3242378,1.5409325,4.206685,Good
-0.6440227,2.3570955,0.31684926,-1.5976917,-2.4556646,1.2772535,1.4954898,Good
-2.3781393,1.5984796,1.1283119,-2.3014278,-1.9370725,3.1204796,-0.5515004,Good
-1.564126,-0.2944776,0.20773256,-4.1403837,-2.8634982,1.562281,1.8957043,Good
-1.104151,0.6843246,2.0399892,-0.9561951,-1.7351485,-0.2498414,1.0612916,Good
-4.8274765,3.1726782,-0.67235094,-1.0363053,-2.6776175,-0.48794216,-0.7466225,Good
-0.1420202,2.2439253,3.3411477,-0.8282136,0.6939502,4.0417027,3.635981,Good
-3.0213966,-0.787026,2.1316822,-0.96087813,-4.172606,0.25489163,3.0071697,Good
-0.45627582,1.6601813,2.1160405,-0.5957576,-2.3726554,2.3098557,4.282337,Good
-1.9727762,0.6957376,2.8078845,-0.65507025,-2.069393,-0.273159,3.6820474,Good
-1.8845145,0.32839784,3.713843,-2.8826225,-1.8407449,2.6121802,1.0371541,Good
-0.4581653,1.2095203,-0.14796065,-2.0580177,-0.1826008,1.704346,1.1395502,Good
-2.6987505,3.179724,3.1779168,0.25554782,-0.8553107,-1.5477911,3.730423,Good
1.6847558,2.1842787,3.0338173,0.62755066,0.4365369,1.4318023,2.9070652,Good
-2.6383228,2.5297775,1.8179648,-0.12483456,-1.8092191,1.7555974,0.82778865,Good
-2.408672,1.4458953,0.3367874,-1.3795196,-0.8361573,2.0852132,0.7772286,Good
0.7247084,0.973398,4.177984,0.14645842,-0.5791552,0.23497245,5.534149,Good
-0.504169,1.7991678,-0.52072626,-2.8283803,-0.49414128,2.4615536,1.1027031,Good
-1.123257,1.2250919,0.11841837,-3.475635,-1.1838045,3.84126,3.7725742,Good
-1.0614662,2.1389003,-0.55724174,-1.1152228,0.064993,2.581439,2.9430876,Good
0.52469444,1.8664824,0.34670648,-1.7750981,0.003643193,3.662428,0.71627384,Good
-2.0843039,3.6536736,1.4176735,0.65882605,-0.5655149,0.20833819,2.446718,Good
0.74934506,0.9691104,-0.98566645,-4.534875,-0.7740645,3.892497,2.0445282,Good
-3.1980245,-1.5393795,1.9636294,-6.570272,-1.1973766,5.622646,2.6260974,Good
-2.0612574,2.2113082,2.3603094,0.124284565,-0.8618248,0.12650223,-0.87335414,Good
-1.4813799,0.8859663,2.526168,-2.9660854,-1.4967052,3.9985912,2.4465976,Good
-3.0877683,1.7419238,0.19851723,-2.107421,-1.121984,2.5051608,2.793633,Good
-0.12669824,0.8971368,-3.09822,-3.6526093,-0.22693405,4.044083,2.0388517,Good
-1.5648721,1.8304402,0.32908034,-0.45196107,-0.51662785,-0.34001422,0.5245209,Good
0.3377141,-1.0931838,2.5810897,-2.824735,-0.51210296,4.038673,2.23036,Good
-2.2804375,2.3012264,-0.62581086,-0.29257604,-0.5450677,1.8425943,2.538631,Good
-2.4766183,1.7471075,1.8529271,-4.0405116,-1.4848033,2.1128483,0.49364185,Good
2.7045612,0.39946032,3.6895611,-2.9194634,-0.40466416,2.178322,5.2416687,Good
-1.1511275,1.9814402,2.0861373,-0.94559485,-2.6936233,1.1303487,0.9019156,Good
0.3732913,1.8818755,4.270845,0.85656357,-0.4934493,-1.9413823,4.09228,Good
-1.2404411,1.0129014,-0.13406031,-1.4275956,-1.7671521,2.035844,2.1155891,Good
-0.95456684,1.0381422,0.3963557,-2.1253965,-1.6133835,3.4289062,3.6102502,Good
-2.3708208,1.1527605,0.4266526,-1.863247,-1.6326194,-0.11881477,2.4431202,Good
-0.6912168,-0.23095162,1.0303342,-3.5867028,-1.3131958,3.3655572,0.21734232,Good
-1.8464831,2.2807796,-1.0061626,-1.5499711,-0.9687722,3.2581458,1.9648817,Good
-0.123014584,1.1347176,-0.151777,-2.9271142,-0.9672077,3.4448504,1.6853938,Good
0.9326706,3.300974,7.539374,2.004727,-1.0881587,-1.0224899,4.2840414,Good
-1.3541205,2.0719116,-0.8933341,-0.97888213,-2.3664196,1.1633582,0.70571226,Good
-2.725481,1.5046533,2.8314288,-0.9664657,-1.4499453,1.8061019,4.0386624,Good
-1.5335466,1.0144715,2.4259188,-1.1369103,-2.201922,2.8099132,1.1153935,Good
-1.4316597,-0.10003042,-1.9591392,-3.5688882,-2.116052,1.292225,1.0671343,Good
0.32383886,2.8945844,-1.6118276,-1.7481164,-0.5768354,2.1733887,1.5084498,Good
-0.19906405,-0.47099638,0.18369472,-2.625406,-0.22389919,2.0528178,1.3397189,Good
-2.003845,0.00030088567,1.659669,-3.094983,-1.0538039,4.455471,0.1643832,Good
-0.7476025,2.36689,-0.3305027,-1.8256065,-0.9185808,1.5221485,0.9437272,Good
-3.3327928,0.6220478,0.7405979,-2.7468476,-3.3582377,1.8832271,0.44024742,Good
-0.07242544,0.9573435,4.206751,0.19400005,-1.4001049,0.40362743,3.962344,Good
-1.739369,2.3516238,-0.75218683,-0.55612385,-1.6804037,2.1401594,0.40436205,Good
-1.6784631,2.6730838,1.0634325,-0.16887875,-0.8517138,0.057751272,1.362988,Good
-2.1062539,0.9268725,-2.35078,-1.4643433,-2.1481948,1.5723357,1.1129023,Good
-3.4176428,2.0495605,1.1939043,-1.1884701,-1.4923372,1.0485594,-0.15036263,Good
-3.1493375,3.058402,2.1736705,-0.26560926,-2.5632205,0.37601468,1.4342515,Good
-4.4834747,2.5777636,2.2234154,0.66611433,-2.8790276,-1.9003134,0.036579065,Good
-2.7175114,-0.15178856,2.6049056,-2.3407843,-2.7350552,1.000115,2.0806289,Good
-1.1532867,-0.79829955,-1.335768,-5.02863,-2.3529005,4.423296,-0.45631972,Good
-3.1678839,1.160521,2.7510247,0.4635136,-1.1161281,-1.0556589,1.981198,Good
-0.9214277,2.239506,3.2525053,-0.002004206,-1.0505023,1.2843304,3.3060668,Good
1.5008057,-1.041259,5.235057,-1.2530795,-1.896599,0.23903584,0.56757945,Good
-0.9877521,1.5824413,1.1319053,-1.3581175,-4.2580037,-0.24966441,-0.20903231,Good
0.49255165,2.1791024,4.8498707,0.8401903,-1.4457991,-2.0674405,0.48299313,Good
-1.6292055,2.4275506,2.969297,-0.00038623853,-1.9062616,-1.9645295,0.8530301,Good
-0.4940195,2.8285263,-0.9232684,-0.35537538,-1.9514211,1.5909314,3.6200588,Good
-2.0719693,2.5510979,2.3289564,-1.218908,-1.4924916,1.206244,2.4835598,Good
-3.0593388,0.06606988,3.2981389,-1.4945852,-0.66958964,1.4695135,0.3501782,Good
-2.6245809,-0.5952923,0.5050276,-4.1412497,-1.6884315,4.460691,2.7653244,Good
1.3110206,0.9397375,2.3485126,-1.1958871,-0.7630299,2.2353861,3.7260053,Good
-1.5203906,0.23730367,1.1060312,-1.628802,-2.3663301,2.1733375,1.4379525,Good
-1.8482327,1.3337567,2.6578114,-0.89089245,-0.51117843,0.9833178,3.5396385,Good
0.9654209,1.7728273,4.1619606,-0.018015273,-1.6619848,-0.5949439,2.7530549,Good
-0.5087795,0.37516665,3.0501115,-0.7222219,-2.5283875,0.049080353,1.400938,Good
-2.8618493,-0.34179878,1.9860795,-3.0114708,-3.019355,0.49943593,1.0752127,Good
-1.6461565,1.6687964,2.9532187,-2.0147996,-1.820209,2.3364363,-0.21923743,Good
-0.7496809,1.8743702,0.56697303,-2.4752886,-1.5042462,3.4648955,-2.3551526,Good
-2.516875,1.275218,2.0152376,-3.414842,-2.1327193,3.3264582,0.9234046,Good
-2.5369198,1.0886536,2.4513824,-1.1202785,-2.4669502,0.69789904,-1.8022676,Good
-2.562359,-1.3929883,2.167222,-2.1951673,-1.6672854,-0.43636933,-0.8712408,Good
-1.2661133,1.1938641,1.96686,-2.328481,-1.0774162,1.6121501,1.3180099,Good
-2.463533,1.0598183,-0.60817224,-3.780465,-1.9337281,3.6374428,2.4769073,Good
-2.1680427,3.095472,1.7077173,-0.5842184,-0.5647666,0.014740354,-0.10379853,Good
-1.2856618,1.0950562,2.2173228,-3.1658874,-1.7103677,3.6868572,2.0006268,Good
-1.9580919,-0.66976815,3.3788538,-1.8365345,-1.8611852,0.36124092,2.8803155,Good
-2.7259736,1.7920083,1.6312425,-1.0099176,-0.4525954,1.1594357,1.7901529,Good
0.9019027,1.0214562,-0.10824447,-2.8217523,-0.64905417,3.0131335,0.09474146,Good
2.340189,1.5182098,0.62381715,-1.7317027,-2.2632756,3.9628372,3.9104166,Good
-3.374748,1.4139378,-1.392122,-2.890352,-2.1855927,3.1191027,-2.668132,Good
-1.4045825,-1.0872779,2.8605547,-2.4349134,-1.1225837,0.39284626,1.8854486,Good
0.931205,1.4283818,3.3558707,-0.29323325,-0.5720322,1.6504247,3.2683065,Good
-2.4593897,1.9401425,1.8717582,-3.573787,-2.0377667,1.2886862,-2.7588935,Good
-3.110221,-0.5590836,5.176451,-2.079661,-1.6000817,0.8439346,1.514542,Good
-2.1845255,2.390509,4.45057,1.048663,-2.6392076,-0.19777459,-0.07337713,Good
-0.20754997,1.2106314,2.544563,-0.75330245,-1.7492058,1.0641979,1.4639933,Good
-4.172452,1.0169835,1.7904257,-1.6772995,-1.3817369,1.3332437,0.42670918,Good
-1.6439093,1.3737732,-0.19455704,-2.6511962,-0.6369113,3.0531495,3.011397,Good
-1.2919886,3.2188714,0.3314716,-2.0100567,-0.72396463,2.0565102,-0.4438157,Good
-1.5793481,1.3474178,-0.088217065,-3.5416884,-0.7500035,2.6670635,0.6160568,Good
-0.4617036,1.352214,1.7540685,-1.8391349,-1.0601166,1.5525683,0.4501121,Good
-1.3963804,1.4928037,0.7254174,-2.1831892,0.8983634,2.5482352,2.0493433,Good
-3.3820915,0.9230121,2.826148,-1.1622357,-2.547049,1.6772186,1.2634495,Good
-5.5535007,2.0862415,1.1138444,-0.533165,-2.0803316,0.012294246,-0.2978612,Good
0.47955292,0.31759438,1.424583,-3.5442493,-1.5056442,1.8152653,3.0333889,Good
-1.292437,1.7324225,-0.5753564,-1.1358137,-2.2121353,2.2398353,2.374099,Good
-1.2343041,3.933248,-0.272342397,-2.23423776,0.09234421,3.2916296,3.144834,Good
